Brand,Product Name,Image,Detail Image,Price (HKD)
2AN,Better Me Eye Palette,https://img.ssgdfs.com/upload/C00001/goos/org/001/240207000447001.jpg?SF=webp&AR=0,https://img.ssgdfs.com/upload/C00001/fckeditor/tempgoosdesc/202402/1707279681365.jpg?SF=webp,110
2AN,Heart Wearing Liquid Cheek,https://img.ssgdfs.com/upload/C00001/goos/org/921/260122001025921.jpg?SF=webp&AR=0,"details/C00301.jpg,details/C00302.jpg,details/C00303.jpg,details/C00304.jpg,details/C00305.jpg,details/C00306.jpg,details/C00307.jpg,details/C00308.jpg,details/C00309.jpg,details/C00310.jpg,details/C00311.jpg,details/C00312.jpg,details/C00313.jpg,details/C00314.jpg,details/C00315.jpg,details/C00316.jpg,details/C00317.jpg,details/C00318.jpg,details/C00319.jpg,details/C00320.jpg,details/C00321.jpg,details/C00322.jpg,details/C00323.jpg,details/C00324.jpg,details/C00325.jpg,details/C00326.jpg,details/C00327.jpg,details/C00328.jpg,details/C00329.jpg,details/C00330.jpg,details/C00331.jpg,details/C00332.jpg,details/C00333.jpg,details/C00334.jpg,details/C00335.jpg,details/C00336.jpg,details/C00337.jpg,details/C00338.jpg,details/C00339.jpg,details/C00340.jpg,details/C00341.jpg,details/C00342.jpg,details/C00343.jpg,details/C00344.jpg,details/C00345.jpg,details/C00346.jpg,details/C00347.jpg,details/C00348.jpg,details/C00349.jpg,details/C00350.jpg",78
2AN,Pure Glassy Highlighter,https://img.ssgdfs.com/upload/C00001/goos/org/885/240626000563885.jpg?SF=webp&AR=0,"details/C00401.jpg,details/C00402.jpg,details/C00403.jpg,details/C00404.jpg,details/C00405.jpg,details/C00406.jpg,details/C00407.jpg,details/C00408.jpg,details/C00409.jpg,details/C00410.jpg,details/C00411.jpg,details/C00412.jpg,details/C00413.jpg,details/C00414.jpg,details/C00415.jpg,details/C00416.jpg,details/C00417.jpg,details/C00418.jpg,details/C00419.jpg,details/C00420.jpg,details/C00421.jpg,details/C00422.jpg,details/C00423.jpg,details/C00424.jpg,details/C00425.jpg,details/C00426.jpg,details/C00427.jpg,details/C00428.jpg,details/C00429.jpg,details/C00430.jpg,details/C00431.jpg,details/C00432.jpg,details/C00433.jpg,details/C00434.jpg,details/C00435.jpg,details/C00436.jpg,details/C00437.jpg,details/C00438.jpg,details/C00439.jpg,details/C00440.jpg,details/C00441.jpg,details/C00442.jpg,details/C00443.jpg,details/C00444.jpg,details/C00445.jpg,details/C00446.jpg,details/C00447.jpg,details/C00448.jpg,details/C00449.jpg,details/C00450.jpg",68
2AN,Dual Cheek,https://img.ssgdfs.com/upload/C00001/goos/org/216/231020000363216.jpg?SF=webp&AR=0,"details/C00501.jpg,details/C00502.jpg,details/C00503.jpg,details/C00504.jpg,details/C00505.jpg,details/C00506.jpg,details/C00507.jpg,details/C00508.jpg,details/C00509.jpg,details/C00510.jpg,details/C00511.jpg,details/C00512.jpg,details/C00513.jpg,details/C00514.jpg,details/C00515.jpg,details/C00516.jpg,details/C00517.jpg,details/C00518.jpg,details/C00519.jpg,details/C00520.jpg,details/C00521.jpg,details/C00522.jpg,details/C00523.jpg,details/C00524.jpg,details/C00525.jpg,details/C00526.jpg,details/C00527.jpg,details/C00528.jpg,details/C00529.jpg,details/C00530.jpg,details/C00531.jpg,details/C00532.jpg,details/C00533.jpg,details/C00534.jpg,details/C00535.jpg,details/C00536.jpg,details/C00537.jpg,details/C00538.jpg,details/C00539.jpg,details/C00540.jpg,details/C00541.jpg,details/C00542.jpg,details/C00543.jpg,details/C00544.jpg,details/C00545.jpg,details/C00546.jpg,details/C00547.jpg,details/C00548.jpg,details/C00549.jpg,details/C00550.jpg",95
2AN,Dewy Fit Tint,https://img.ssgdfs.com/upload/C00001/goos/org/845/260313001081845.jpg?SF=webp&AR=0,"details/C00601.jpg,details/C00602.jpg,details/C00603.jpg,details/C00604.jpg,details/C00605.jpg,details/C00606.jpg,details/C00607.jpg,details/C00608.jpg,details/C00609.jpg,details/C00610.jpg,details/C00611.jpg,details/C00612.jpg,details/C00613.jpg,details/C00614.jpg,details/C00615.jpg,details/C00616.jpg,details/C00617.jpg,details/C00618.jpg,details/C00619.jpg,details/C00620.jpg,details/C00621.jpg,details/C00622.jpg,details/C00623.jpg,details/C00624.jpg,details/C00625.jpg,details/C00626.jpg,details/C00627.jpg,details/C00628.jpg,details/C00629.jpg,details/C00630.jpg,details/C00631.jpg,details/C00632.jpg,details/C00633.jpg,details/C00634.jpg,details/C00635.jpg,details/C00636.jpg,details/C00637.jpg,details/C00638.jpg,details/C00639.jpg,details/C00640.jpg,details/C00641.jpg,details/C00642.jpg,details/C00643.jpg,details/C00644.jpg,details/C00645.jpg,details/C00646.jpg,details/C00647.jpg,details/C00648.jpg,details/C00649.jpg,details/C00650.jpg",70
2AN,LONG WEARING FOUNDATION (RENEWAL) ,https://static.lottedfs.cn/prod/prd-img/57/73/32/01/00/02/20001327357_3.jpg/dims/resize/460x460,"details/C00701.jpg,details/C00702.jpg,details/C00703.jpg,details/C00704.jpg,details/C00705.jpg,details/C00706.jpg,details/C00707.jpg,details/C00708.jpg,details/C00709.jpg,details/C00710.jpg,details/C00711.jpg,details/C00712.jpg,details/C00713.jpg,details/C00714.jpg,details/C00715.jpg,details/C00716.jpg,details/C00717.jpg,details/C00718.jpg,details/C00719.jpg,details/C00720.jpg,details/C00721.jpg,details/C00722.jpg,details/C00723.jpg,details/C00724.jpg,details/C00725.jpg,details/C00726.jpg,details/C00727.jpg,details/C00728.jpg,details/C00729.jpg,details/C00730.jpg,details/C00731.jpg,details/C00732.jpg,details/C00733.jpg,details/C00734.jpg,details/C00735.jpg,details/C00736.jpg,details/C00737.jpg,details/C00738.jpg,details/C00739.jpg,details/C00740.jpg,details/C00741.jpg,details/C00742.jpg,details/C00743.jpg,details/C00744.jpg,details/C00745.jpg,details/C00746.jpg,details/C00747.jpg,details/C00748.jpg,details/C00749.jpg,details/C00750.jpg",125
2AN,GLAZE BOUNCING TINT,https://static.lottedfs.cn/prod/prd-img/00/19/35/01/00/02/20001351900_1.jpg/dims/resize/460x460,"details/C00801.jpg,details/C00802.jpg,details/C00803.jpg,details/C00804.jpg,details/C00805.jpg,details/C00806.jpg,details/C00807.jpg,details/C00808.jpg,details/C00809.jpg,details/C00810.jpg,details/C00811.jpg,details/C00812.jpg,details/C00813.jpg,details/C00814.jpg,details/C00815.jpg,details/C00816.jpg,details/C00817.jpg,details/C00818.jpg,details/C00819.jpg,details/C00820.jpg,details/C00821.jpg,details/C00822.jpg,details/C00823.jpg,details/C00824.jpg,details/C00825.jpg,details/C00826.jpg,details/C00827.jpg,details/C00828.jpg,details/C00829.jpg,details/C00830.jpg,details/C00831.jpg,details/C00832.jpg,details/C00833.jpg,details/C00834.jpg,details/C00835.jpg,details/C00836.jpg,details/C00837.jpg,details/C00838.jpg,details/C00839.jpg,details/C00840.jpg,details/C00841.jpg,details/C00842.jpg,details/C00843.jpg,details/C00844.jpg,details/C00845.jpg,details/C00846.jpg,details/C00847.jpg,details/C00848.jpg,details/C00849.jpg,details/C00850.jpg",68
2AN,Pocket Cotton Blurring Stick,https://image2.shilladfs.com/files/product2/2025/03/25/894011000088_20250325_14150571_12_894011000088_1.JPG,https://img.ssgdfs.com/upload/C00001/fckeditor/tempgoosdesc/202508/1754378928596.jpg?SF=webp,88
AMUSE,[MONCHHICHI LIMITED EDITION] AIRY PORE COVER CUSHION (NO REFILL),https://static.lottedfs.cn/prod/prd-img/40/95/41/01/00/02/20001419540_2.webp/dims/resize/460x460,"details/C01001.jpg,details/C01002.gif,details/C01003.jpg,details/C01004.gif,details/C01005.jpg,details/C01006.gif,details/C01007.jpg,details/C01008.jpg,details/C01009.jpg,details/C01010.jpg,details/C01011.jpg,details/C01012.jpg,details/C01013.jpg,details/C01014.jpg,details/C01015.jpg,details/C01016.jpg,details/C01017.jpg,details/C01018.jpg,details/C01019.jpg,details/C01020.jpg,details/C01021.jpg,details/C01022.jpg,details/C01023.jpg,details/C01024.jpg,details/C01025.jpg,details/C01026.jpg,details/C01027.jpg,details/C01028.jpg,details/C01029.jpg,details/C01030.jpg,details/C01031.jpg,details/C01032.jpg,details/C01033.jpg,details/C01034.jpg,details/C01035.jpg,details/C01036.jpg,details/C01037.jpg,details/C01038.jpg,details/C01039.jpg,details/C01040.jpg,details/C01041.jpg,details/C01042.jpg,details/C01043.jpg,details/C01044.jpg,details/C01045.jpg,details/C01046.jpg,details/C01047.jpg,details/C01048.jpg,details/C01049.jpg,details/C01050.jpg",155
AMUSE,DEW JELLY MASTER CUSHION REFILL SPECIAL SET,https://static.lottedfs.cn/prod/prd-img/16/29/40/01/00/02/20001402916_2.webp/dims/resize/460x460,"details/C01101.jpg,details/C01102.jpg,details/C01103.jpg,details/C01104.jpg,details/C01105.jpg,details/C01106.jpg,details/C01107.jpg,details/C01108.jpg,details/C01109.jpg,details/C01110.jpg,details/C01111.jpg,details/C01112.jpg,details/C01113.jpg,details/C01114.jpg,details/C01115.jpg,details/C01116.jpg,details/C01117.jpg,details/C01118.jpg,details/C01119.jpg,details/C01120.jpg,details/C01121.jpg,details/C01122.jpg,details/C01123.jpg,details/C01124.jpg,details/C01125.jpg,details/C01126.jpg,details/C01127.jpg,details/C01128.jpg,details/C01129.jpg,details/C01130.jpg,details/C01131.jpg,details/C01132.jpg,details/C01133.jpg,details/C01134.jpg,details/C01135.jpg,details/C01136.jpg,details/C01137.jpg,details/C01138.jpg,details/C01139.jpg,details/C01140.jpg,details/C01141.jpg,details/C01142.jpg,details/C01143.jpg,details/C01144.jpg,details/C01145.jpg,details/C01146.jpg,details/C01147.jpg,details/C01148.jpg,details/C01149.jpg,details/C01150.jpg",155
AMUSE,[MONCHHICHI LIMITED EDITION] QUICK MAKEUP MINI GACHA SET,https://static.lottedfs.cn/prod/prd-img/20/96/41/01/00/02/20001419620_3.webp/dims/resize/460x460,"details/C01201.jpg,details/C01202.jpg,details/C01203.jpg,details/C01204.jpg,details/C01205.jpg,details/C01206.jpg,details/C01207.jpg,details/C01208.jpg,details/C01209.jpg,details/C01210.jpg,details/C01211.jpg,details/C01212.jpg,details/C01213.jpg,details/C01214.jpg,details/C01215.jpg,details/C01216.jpg,details/C01217.jpg,details/C01218.jpg,details/C01219.jpg,details/C01220.jpg,details/C01221.jpg,details/C01222.jpg,details/C01223.jpg,details/C01224.jpg,details/C01225.jpg,details/C01226.jpg,details/C01227.jpg,details/C01228.jpg,details/C01229.jpg,details/C01230.jpg,details/C01231.jpg,details/C01232.jpg,details/C01233.jpg,details/C01234.jpg,details/C01235.jpg,details/C01236.jpg,details/C01237.jpg,details/C01238.jpg,details/C01239.jpg,details/C01240.jpg,details/C01241.jpg,details/C01242.jpg,details/C01243.jpg,details/C01244.jpg,details/C01245.jpg,details/C01246.jpg,details/C01247.jpg,details/C01248.jpg,details/C01249.jpg,details/C01250.jpg",130
AMUSE,DEW POWER VEGAN CUSHION REFILL SPECIAL SET,https://static.lottedfs.cn/prod/prd-img/00/29/40/01/00/02/20001402900_2.webp/dims/resize/460x460,"details/C01301.jpg,details/C01302.jpg,details/C01303.jpg,details/C01304.jpg,details/C01305.jpg,details/C01306.jpg,details/C01307.jpg,details/C01308.jpg,details/C01309.jpg,details/C01310.jpg,details/C01311.jpg,details/C01312.jpg,details/C01313.jpg,details/C01314.jpg,details/C01315.jpg,details/C01316.jpg,details/C01317.jpg,details/C01318.jpg,details/C01319.jpg,details/C01320.jpg,details/C01321.jpg,details/C01322.jpg,details/C01323.jpg,details/C01324.jpg,details/C01325.jpg,details/C01326.jpg,details/C01327.jpg,details/C01328.jpg,details/C01329.jpg,details/C01330.jpg,details/C01331.jpg,details/C01332.jpg,details/C01333.jpg,details/C01334.jpg,details/C01335.jpg,details/C01336.jpg,details/C01337.jpg,details/C01338.jpg,details/C01339.jpg,details/C01340.jpg,details/C01341.jpg,details/C01342.jpg,details/C01343.jpg,details/C01344.jpg,details/C01345.jpg,details/C01346.jpg,details/C01347.jpg,details/C01348.jpg,details/C01349.jpg,details/C01350.jpg",155
AMUSE,[MONCHHICHI EXCLUSIVE EDITION] GAME STATION LIP & CHEEK HEALTHY BALM ,https://static.lottedfs.cn/prod/prd-img/57/96/41/01/00/02/20001419657_3.webp/dims/resize/460x460,"details/C01401.jpg,details/C01402.jpg,details/C01403.jpg,details/C01404.jpg,details/C01405.jpg,details/C01406.jpg,details/C01407.jpg,details/C01408.jpg,details/C01409.jpg,details/C01410.jpg,details/C01411.jpg,details/C01412.jpg,details/C01413.jpg,details/C01414.jpg,details/C01415.jpg,details/C01416.jpg,details/C01417.jpg,details/C01418.jpg,details/C01419.jpg,details/C01420.jpg,details/C01421.jpg,details/C01422.jpg,details/C01423.jpg,details/C01424.jpg,details/C01425.jpg,details/C01426.jpg,details/C01427.jpg,details/C01428.jpg,details/C01429.jpg,details/C01430.jpg,details/C01431.jpg,details/C01432.jpg,details/C01433.jpg,details/C01434.jpg,details/C01435.jpg,details/C01436.jpg,details/C01437.jpg,details/C01438.jpg,details/C01439.jpg,details/C01440.jpg,details/C01441.jpg,details/C01442.jpg,details/C01443.jpg,details/C01444.jpg,details/C01445.jpg,details/C01446.jpg,details/C01447.jpg,details/C01448.jpg,details/C01449.jpg,details/C01450.jpg",130
AMUSE,[MONCHHICHI LIMITED EDITION] CERAMIC SKIN PERFECTOR CUSHION (NO REFILL),https://static.lottedfs.cn/prod/prd-img/59/95/41/01/00/02/20001419559_2.webp/dims/resize/460x460,"details/C01501.jpg,details/C01502.jpg,details/C01503.jpg,details/C01504.jpg,details/C01505.jpg,details/C01506.jpg,details/C01507.jpg,details/C01508.jpg,details/C01509.jpg,details/C01510.jpg,details/C01511.jpg,details/C01512.jpg,details/C01513.jpg,details/C01514.jpg,details/C01515.jpg,details/C01516.jpg,details/C01517.jpg,details/C01518.jpg,details/C01519.jpg,details/C01520.jpg,details/C01521.jpg,details/C01522.jpg,details/C01523.jpg,details/C01524.jpg,details/C01525.jpg,details/C01526.jpg,details/C01527.jpg,details/C01528.jpg,details/C01529.jpg,details/C01530.jpg,details/C01531.jpg,details/C01532.jpg,details/C01533.jpg,details/C01534.jpg,details/C01535.jpg,details/C01536.jpg,details/C01537.jpg,details/C01538.jpg,details/C01539.jpg,details/C01540.jpg,details/C01541.jpg,details/C01542.jpg,details/C01543.jpg,details/C01544.jpg,details/C01545.jpg,details/C01546.jpg,details/C01547.jpg,details/C01548.jpg,details/C01549.jpg,details/C01550.jpg",155
AMUSE,JEL-FIT TINT 染唇液,https://static.lottedfs.cn/prod/prd-img/26/59/04/01/00/02/20001045926_3.jpg/dims/resize/460x460,"details/C01601.jpg,details/C01602.jpg,details/C01603.jpg,details/C01604.jpg,details/C01605.jpg,details/C01606.jpg,details/C01607.jpg,details/C01608.jpg,details/C01609.jpg,details/C01610.jpg,details/C01611.jpg,details/C01612.jpg,details/C01613.jpg,details/C01614.jpg,details/C01615.jpg,details/C01616.jpg,details/C01617.jpg,details/C01618.jpg,details/C01619.jpg,details/C01620.jpg,details/C01621.jpg,details/C01622.jpg,details/C01623.jpg,details/C01624.jpg,details/C01625.jpg,details/C01626.jpg,details/C01627.jpg,details/C01628.jpg,details/C01629.jpg,details/C01630.jpg,details/C01631.jpg,details/C01632.jpg,details/C01633.jpg,details/C01634.jpg,details/C01635.jpg,details/C01636.jpg,details/C01637.jpg,details/C01638.jpg,details/C01639.jpg,details/C01640.jpg,details/C01641.jpg,details/C01642.jpg,details/C01643.jpg,details/C01644.jpg,details/C01645.jpg,details/C01646.jpg,details/C01647.jpg,details/C01648.jpg,details/C01649.jpg,details/C01650.jpg",90
AMUSE,JEL FIT GLOSS 唇彩,https://static.lottedfs.cn/prod/prd-img/41/97/37/01/00/02/20001379741_3.jpg/dims/resize/460x460,"details/C01701.jpg,details/C01702.jpg,details/C01703.jpg,details/C01704.jpg,details/C01705.jpg,details/C01706.jpg,details/C01707.jpg,details/C01708.jpg,details/C01709.jpg,details/C01710.jpg,details/C01711.jpg,details/C01712.jpg,details/C01713.jpg,details/C01714.jpg,details/C01715.jpg,details/C01716.jpg,details/C01717.jpg,details/C01718.jpg,details/C01719.jpg,details/C01720.jpg,details/C01721.jpg,details/C01722.jpg,details/C01723.jpg,details/C01724.jpg,details/C01725.jpg,details/C01726.jpg,details/C01727.jpg,details/C01728.jpg,details/C01729.jpg,details/C01730.jpg,details/C01731.jpg,details/C01732.jpg,details/C01733.jpg,details/C01734.jpg,details/C01735.jpg,details/C01736.jpg,details/C01737.jpg,details/C01738.jpg,details/C01739.jpg,details/C01740.jpg,details/C01741.jpg,details/C01742.jpg,details/C01743.jpg,details/C01744.jpg,details/C01745.jpg,details/C01746.jpg,details/C01747.jpg,details/C01748.jpg,details/C01749.jpg,details/C01750.jpg",90
AMUSE,CERAMIC SKIN PERFECTOR CUSHION REFILL SPECIAL SET,https://static.lottedfs.cn/prod/prd-img/70/28/40/01/00/02/20001402870_2.webp/dims/resize/460x460,"details/C01801.jpg,details/C01802.jpg,details/C01803.jpg,details/C01804.jpg,details/C01805.jpg,details/C01806.jpg,details/C01807.jpg,details/C01808.jpg,details/C01809.jpg,details/C01810.jpg,details/C01811.jpg,details/C01812.jpg,details/C01813.jpg,details/C01814.jpg,details/C01815.jpg,details/C01816.jpg,details/C01817.jpg,details/C01818.jpg,details/C01819.jpg,details/C01820.jpg,details/C01821.jpg,details/C01822.jpg,details/C01823.jpg,details/C01824.jpg,details/C01825.jpg,details/C01826.jpg,details/C01827.jpg,details/C01828.jpg,details/C01829.jpg,details/C01830.jpg,details/C01831.jpg,details/C01832.jpg,details/C01833.jpg,details/C01834.jpg,details/C01835.jpg,details/C01836.jpg,details/C01837.jpg,details/C01838.jpg,details/C01839.jpg,details/C01840.jpg,details/C01841.jpg,details/C01842.jpg,details/C01843.jpg,details/C01844.jpg,details/C01845.jpg,details/C01846.jpg,details/C01847.jpg,details/C01848.jpg,details/C01849.jpg,details/C01850.jpg",155
AMUSE,DEW WEAR FOUNDATION 粉底液,https://static.lottedfs.cn/prod/prd-img/84/06/13/01/00/02/20001130684_3.jpg/dims/resize/460x460,"details/C01901.jpg,details/C01902.jpg,details/C01903.jpg,details/C01904.jpg,details/C01905.jpg,details/C01906.jpg,details/C01907.jpg,details/C01908.jpg,details/C01909.jpg,details/C01910.jpg,details/C01911.jpg,details/C01912.jpg,details/C01913.jpg,details/C01914.jpg,details/C01915.jpg,details/C01916.jpg,details/C01917.jpg,details/C01918.jpg,details/C01919.jpg,details/C01920.jpg,details/C01921.jpg,details/C01922.jpg,details/C01923.jpg,details/C01924.jpg,details/C01925.jpg,details/C01926.jpg,details/C01927.jpg,details/C01928.jpg,details/C01929.jpg,details/C01930.jpg,details/C01931.jpg,details/C01932.jpg,details/C01933.jpg,details/C01934.jpg,details/C01935.jpg,details/C01936.jpg,details/C01937.jpg,details/C01938.jpg,details/C01939.jpg,details/C01940.jpg,details/C01941.jpg,details/C01942.jpg,details/C01943.jpg,details/C01944.jpg,details/C01945.jpg,details/C01946.jpg,details/C01947.jpg,details/C01948.jpg,details/C01949.jpg,details/C01950.jpg",155
BANILA CO.,COVERLICIOUS POWER FIT FOUNDATION 粉底液 30ml,https://static.lottedfs.cn/prod/prd-img/59/17/07/01/00/02/20001071759_3.jpg/dims/resize/460x460,https://img.ssgdfs.com/upload/C00001/fckeditor/tempgoosdesc/202601/1768898527713.jpg?SF=webp,148
BANILA CO.,SHEER BLUR POT,https://static.lottedfs.cn/prod/prd-img/07/51/43/01/00/02/20001435107_2.webp/dims/resize/460x460,https://img.ssgdfs.com/upload/C00001/fckeditor/tempgoosdesc/202604/1777340502158.jpg?SF=webp,85
BANILA CO.,PRIME PRIMER CLASSIC 妝前乳 30ml,https://static.lottedfs.cn/prod/prd-img/52/50/43/01/00/02/20001435052_1.webp/dims/resize/460x460,https://img.ssgdfs.com/upload/C00001/fckeditor/tempgoosdesc/202604/1777341480067.jpg?SF=webp,110
BANILA CO.,PRIME PRIMER SETTING FIXER 50ML,https://static.lottedfs.cn/prod/prd-img/63/50/43/01/00/02/20001435063_1.webp/dims/resize/460x460,https://img.ssgdfs.com/upload/C00001/fckeditor/tempgoosdesc/202604/1777340785837.jpg?SF=webp,60
BANILA CO.,MOOD ON EYE PALETTE,https://static.lottedfs.cn/prod/prd-img/38/94/01/01/00/02/20001019438_6.jpg/dims/resize/460x460,https://dl.dropboxusercontent.com/scl/fi/wautaazvzajb4q14vqjwv/_-_-_.jpg?rlkey=09dfxxb2ndw96ff8y5cd9khu6&raw=1,80
BANILA CO.,ESSENCE SKIN PINK CUSHION (REFILL),https://static.lottedfs.cn/prod/prd-img/91/65/26/01/00/02/20001266591_3.jpg/dims/resize/460x460,https://img.ssgdfs.com/upload/C00001/fckeditor/tempgoosdesc/202601/1768897918947.jpg?SF=webp,80
BANILA CO.,PRIME PRIMER FINISH POWDER 12G,https://static.lottedfs.cn/prod/prd-img/56/50/43/01/00/02/20001435056_1.webp/dims/resize/460x460,"details/C02601.jpg,details/C02602.jpg,details/C02603.jpg,details/C02604.jpg,details/C02605.jpg,details/C02606.jpg,details/C02607.jpg,details/C02608.jpg,details/C02609.jpg,details/C02610.jpg,details/C02611.jpg,details/C02612.jpg,details/C02613.jpg,details/C02614.jpg,details/C02615.jpg,details/C02616.jpg,details/C02617.jpg,details/C02618.jpg,details/C02619.jpg,details/C02620.jpg,details/C02621.jpg,details/C02622.jpg,details/C02623.jpg,details/C02624.jpg,details/C02625.jpg,details/C02626.jpg,details/C02627.jpg,details/C02628.jpg,details/C02629.jpg,details/C02630.jpg,details/C02631.jpg,details/C02632.jpg,details/C02633.jpg,details/C02634.jpg,details/C02635.jpg,details/C02636.jpg,details/C02637.jpg,details/C02638.jpg,details/C02639.jpg,details/C02640.jpg,details/C02641.jpg,details/C02642.jpg,details/C02643.jpg,details/C02644.jpg,details/C02645.jpg,details/C02646.jpg,details/C02647.jpg,details/C02648.jpg,details/C02649.jpg,details/C02650.jpg",105
BANILA CO.,Romantic Blush Lip & Cheek,https://static.lottedfs.cn/prod/prd-img/71/51/32/01/00/02/20001325171_4.jpg/dims/resize/460x460,https://dl.dropboxusercontent.com/scl/fi/20jpexnyw1obokwjgaply/_-_-_-_.jpg?rlkey=tonkznec6n78doxfkc8jibyb9&raw=1,85
BANILA CO.,PRIME PRIMER LOOSE SETTING POWDER 8g,https://static.lottedfs.com/prod/prd-img/58/50/43/01/00/02/20001435058_1.webp/dims/resize/460x460,"details/C02801.jpg,details/C02802.jpg,details/C02803.jpg,details/C02804.jpg,details/C02805.jpg,details/C02806.jpg,details/C02807.jpg,details/C02808.jpg,details/C02809.jpg,details/C02810.jpg,details/C02811.jpg,details/C02812.jpg,details/C02813.jpg,details/C02814.jpg,details/C02815.jpg,details/C02816.jpg,details/C02817.jpg,details/C02818.jpg,details/C02819.jpg,details/C02820.jpg,details/C02821.jpg,details/C02822.jpg,details/C02823.jpg,details/C02824.jpg,details/C02825.jpg,details/C02826.jpg,details/C02827.jpg,details/C02828.jpg,details/C02829.jpg,details/C02830.jpg,details/C02831.jpg,details/C02832.jpg,details/C02833.jpg,details/C02834.jpg,details/C02835.jpg,details/C02836.jpg,details/C02837.jpg,details/C02838.jpg,details/C02839.jpg,details/C02840.jpg,details/C02841.jpg,details/C02842.jpg,details/C02843.jpg,details/C02844.jpg,details/C02845.jpg,details/C02846.jpg,details/C02847.jpg,details/C02848.jpg,details/C02849.jpg,details/C02850.jpg",105
BANILA CO.,DEW GLOW TINT,https://static.lottedfs.com/prod/prd-img/68/16/25/01/00/02/20001251668_3.jpg/dims/resize/460x460,"details/C02901.jpg,details/C02902.jpg,details/C02903.jpg,details/C02904.jpg,details/C02905.jpg,details/C02906.jpg,details/C02907.jpg,details/C02908.jpg,details/C02909.jpg,details/C02910.jpg,details/C02911.jpg,details/C02912.jpg,details/C02913.jpg,details/C02914.jpg,details/C02915.jpg,details/C02916.jpg,details/C02917.jpg,details/C02918.jpg,details/C02919.jpg,details/C02920.jpg,details/C02921.jpg,details/C02922.jpg,details/C02923.jpg,details/C02924.jpg,details/C02925.jpg,details/C02926.jpg,details/C02927.jpg,details/C02928.jpg,details/C02929.jpg,details/C02930.jpg,details/C02931.jpg,details/C02932.jpg,details/C02933.jpg,details/C02934.jpg,details/C02935.jpg,details/C02936.jpg,details/C02937.jpg,details/C02938.jpg,details/C02939.jpg,details/C02940.jpg,details/C02941.jpg,details/C02942.jpg,details/C02943.jpg,details/C02944.jpg,details/C02945.jpg,details/C02946.jpg,details/C02947.jpg,details/C02948.jpg,details/C02949.jpg,details/C02950.jpg",85
BANILA CO.,SHEER VELVET VEIL TINT,https://static.lottedfs.cn/prod/prd-img/75/65/26/01/00/02/20001266575_3.jpg/dims/resize/460x460,"details/C03001.jpg,details/C03002.jpg,details/C03003.jpg,details/C03004.jpg,details/C03005.jpg,details/C03006.jpg,details/C03007.jpg,details/C03008.jpg,details/C03009.jpg,details/C03010.jpg,details/C03011.jpg,details/C03012.jpg,details/C03013.jpg,details/C03014.jpg,details/C03015.jpg,details/C03016.jpg,details/C03017.jpg,details/C03018.jpg,details/C03019.jpg,details/C03020.jpg,details/C03021.jpg,details/C03022.jpg,details/C03023.jpg,details/C03024.jpg,details/C03025.jpg,details/C03026.jpg,details/C03027.jpg,details/C03028.jpg,details/C03029.jpg,details/C03030.jpg,details/C03031.jpg,details/C03032.jpg,details/C03033.jpg,details/C03034.jpg,details/C03035.jpg,details/C03036.jpg,details/C03037.jpg,details/C03038.jpg,details/C03039.jpg,details/C03040.jpg,details/C03041.jpg,details/C03042.jpg,details/C03043.jpg,details/C03044.jpg,details/C03045.jpg,details/C03046.jpg,details/C03047.jpg,details/C03048.jpg,details/C03049.jpg,details/C03050.jpg",85
BANILA CO.,ESSENCE SKIN PINK CUSHION (NO REFILL),https://static.lottedfs.com/prod/prd-img/83/65/26/01/00/02/20001266583_4.jpg/dims/resize/460x460,https://img.ssgdfs.com/upload/C00001/fckeditor/tempgoosdesc/202601/1768897918947.jpg?SF=webp,135
BBIA,LAST BLUSH,https://img.ssgdfs.com/upload/C00001/goos/org/322/250716000873322.jpg?SF=webp&AR=0,"https://sky007.ivyro.net/BBIA/SANGSE/Last_Blush_01.jpg, https://sky007.ivyro.net/BBIA/SANGSE/Last_Blush_02.jpg, https://sky007.ivyro.net/BBIA/SANGSE/Last_Blush_03.jpg, https://sky007.ivyro.net/BBIA/SANGSE/Last_Blush_04.jpg, https://sky007.ivyro.net/BBIA/SANGSE/Last_Blush_05.jpg, https://sky007.ivyro.net/BBIA/SANGSE/Last_Blush_06.jpg, https://sky007.ivyro.net/BBIA/SANGSE/Last_Blush_07.jpg, https://sky007.ivyro.net/BBIA/SANGSE/Last_Blush_08.jpg, https://sky007.ivyro.net/BBIA/SANGSE/Last_Blush_09.jpg",55
ABOUT TONE,SKIN FIT LAYER CONCEALER,https://img.ssgdfs.com/upload/C00001/goos/org/845/250415000813845.jpg?SF=webp&AR=0,"https://abouttone.ivyro.net/product/240912_at_skinlayer_concealer_01.jpg, https://abouttone.ivyro.net/product/240912_at_skinlayer_concealer_02.jpg, https://abouttone.ivyro.net/product/240912_at_skinlayer_concealer_03.jpg, https://abouttone.ivyro.net/product/240912_at_skinlayer_concealer_04.jpg, https://abouttone.ivyro.net/product/240912_at_skinlayer_concealer_05.jpg, https://abouttone.ivyro.net/product/240912_at_skinlayer_concealer_06.jpg https://abouttone.ivyro.net/product/240912_at_skinlayer_concealer_07.jpg",55
ABOUT TONE,SKIN FIT LAYER FOUNDATION,https://img.ssgdfs.com/upload/C00001/goos/org/847/250415000813847.jpg?SF=webp&AR=0,"https://abouttone.ivyro.net/product/at_skinlayer_foundation_01_newcolor.jpg, https://abouttone.ivyro.net/product/at_skinlayer_foundation_02_newcolor.jpg, https://abouttone.ivyro.net/product/at_skinlayer_foundation_03_newcolor.jpg, https://abouttone.ivyro.net/product/at_skinlayer_foundation_04_newcolor.jpg, https://abouttone.ivyro.net/product/at_skinlayer_foundation_05_newcolor.jpg, https://abouttone.ivyro.net/product/at_skinlayer_foundation_06_newcolor.jpg, https://abouttone.ivyro.net/product/at_skinlayer_foundation_07_newcolor.jpg, https://abouttone.ivyro.net/product/at_skinlayer_foundation_08_newcolor.jpg,  https://abouttone.ivyro.net/product/at_skinlayer_foundation_09_newcolor.jpg",115
ABOUT TONE,LONG LASTING MAKEUP COATING FIXER 30ML,https://img.ssgdfs.com/upload/C00001/goos/org/833/250415000813833.jpg?SF=webp&AR=0,"https://abouttone.ivyro.net/product/at_longlasting_fixer_1.jpg, https://abouttone.ivyro.net/product/at_longlasting_fixer_2.jpg, https://abouttone.ivyro.net/product/at_longlasting_fixer_3.jpg, https://abouttone.ivyro.net/product/at_longlasting_fixer_4.jpg, https://abouttone.ivyro.net/product/at_longlasting_fixer_5.jpg, https://abouttone.ivyro.net/product/at_longlasting_fixer_6.jpg, https://abouttone.ivyro.net/product/at_longlasting_fixer_7.jpg, https://abouttone.ivyro.net/product/at_longlasting_fixer_8.jpg, https://abouttone.ivyro.net/product/at_longlasting_fixer_9.jpg, https://abouttone.ivyro.net/product/at_longlasting_fixer_10.jpg, https://abouttone.ivyro.net/product/at_longlasting_fixer_11.jpg, https://abouttone.ivyro.net/product/at_longlasting_fixer_12.jpg, https://abouttone.ivyro.net/product/at_longlasting_fixer_13.jpg",55
BBIA,READY TO WEAR DOWNY CHEEK,"http://sky007.ivyro.net/sky007/SANGSE/BBIA/Watercolor_DownyCheek_04.jpg, http://sky007.ivyro.net/sky007/SANGSE/BBIA/Watercolor_DownyCheek_01.jpg, http://sky007.ivyro.net/sky007/SANGSE/BBIA/Watercolor_DownyCheek_02.jpg, http://sky007.ivyro.net/sky007/SANGSE/BBIA/Watercolor_DownyCheek_03.jpg","details/C03601.jpg,details/C03602.jpg,details/C03603.jpg,details/C03604.jpg,details/C03605.jpg,details/C03606.jpg,details/C03607.jpg,details/C03608.jpg,details/C03609.jpg,details/C03610.jpg,details/C03611.jpg,details/C03612.jpg,details/C03613.jpg,details/C03614.jpg,details/C03615.jpg,details/C03616.jpg,details/C03617.jpg,details/C03618.jpg,details/C03619.jpg,details/C03620.jpg,details/C03621.jpg,details/C03622.jpg,details/C03623.jpg,details/C03624.jpg,details/C03625.jpg,details/C03626.jpg,details/C03627.jpg,details/C03628.jpg,details/C03629.jpg,details/C03630.jpg,details/C03631.jpg,details/C03632.jpg,details/C03633.jpg,details/C03634.jpg,details/C03635.jpg,details/C03636.jpg,details/C03637.jpg,details/C03638.jpg,details/C03639.jpg,details/C03640.jpg,details/C03641.jpg,details/C03642.jpg,details/C03643.jpg,details/C03644.jpg,details/C03645.jpg,details/C03646.jpg,details/C03647.jpg,details/C03648.jpg,details/C03649.jpg,details/C03650.jpg",50
BBIA,LAST VELVET TINT,https://img.ssgdfs.com/upload/C00001/goos/org/247/250625000861247.jpg?SF=webp&AR=0,"details/C03701.jpg,details/C03702.jpg,details/C03703.jpg,details/C03704.jpg,details/C03705.jpg,details/C03706.jpg,details/C03707.jpg,details/C03708.jpg,details/C03709.jpg,details/C03710.jpg,details/C03711.jpg,details/C03712.jpg,details/C03713.jpg,details/C03714.jpg,details/C03715.jpg,details/C03716.jpg,details/C03717.jpg,details/C03718.jpg,details/C03719.jpg,details/C03720.jpg,details/C03721.jpg,details/C03722.jpg,details/C03723.jpg,details/C03724.jpg,details/C03725.jpg,details/C03726.jpg,details/C03727.jpg,details/C03728.jpg,details/C03729.jpg,details/C03730.jpg,details/C03731.jpg,details/C03732.jpg,details/C03733.jpg,details/C03734.jpg,details/C03735.jpg,details/C03736.jpg,details/C03737.jpg,details/C03738.jpg,details/C03739.jpg,details/C03740.jpg,details/C03741.jpg,details/C03742.jpg,details/C03743.jpg,details/C03744.jpg,details/C03745.jpg,details/C03746.jpg,details/C03747.jpg,details/C03748.jpg,details/C03749.jpg,details/C03750.jpg",70
BBIA,READY TO WEAR EYE PALETTE,https://img.ssgdfs.com/upload/C00001/goos/org/697/240130000440697.jpg?SF=webp&AR=0,"https://sky007.ivyro.net/sky007/SANGSE/BBIA/2025_RTW_Eye_Palette_respect_01.jpg, https://sky007.ivyro.net/sky007/SANGSE/BBIA/2025_RTW_Eye_Palette_respect_02.jpg, https://sky007.ivyro.net/sky007/SANGSE/BBIA/2025_RTW_Eye_Palette_respect_03.jpg, https://sky007.ivyro.net/sky007/SANGSE/BBIA/2025_RTW_Eye_Palette_respect_04.jpg, https://sky007.ivyro.net/sky007/SANGSE/BBIA/2025_RTW_Eye_Palette_respect_05.jpg, https://sky007.ivyro.net/sky007/SANGSE/BBIA/2025_RTW_Eye_Palette_respect_06.jpg, https://sky007.ivyro.net/sky007/SANGSE/BBIA/2025_RTW_Eye_Palette_respect_07.jpg, https://sky007.ivyro.net/sky007/SANGSE/BBIA/2025_RTW_Eye_Palette_respect_08.jpg, https://sky007.ivyro.net/sky007/SANGSE/BBIA/2025_RTW_Eye_Palette_respect_09.jpg, https://sky007.ivyro.net/sky007/SANGSE/BBIA/2025_RTW_Eye_Palette_respect_10.jpg",88
BBIA,L'EAU TINT,https://img.ssgdfs.com/upload/C00001/goos/org/527/260119001022527.jpg?SF=webp&AR=0,"https://sky007.ivyro.net/BBIA/SANGSE/2025_LEAU_TINT_01.jpg,https://sky007.ivyro.net/BBIA/SANGSE/2025_LEAU_TINT_02.jpg, https://sky007.ivyro.net/BBIA/SANGSE/2025_LEAU_TINT_03.jpg, https://sky007.ivyro.net/BBIA/SANGSE/2025_LEAU_TINT_04.jpg, https://sky007.ivyro.net/BBIA/SANGSE/2025_LEAU_TINT_05.jpg, https://sky007.ivyro.net/BBIA/SANGSE/2025_LEAU_TINT_06.jpg, https://sky007.ivyro.net/BBIA/SANGSE/2025_LEAU_TINT_07.jpg, https://sky007.ivyro.net/BBIA/SANGSE/2025_LEAU_TINT_08.jpg",75
BBIA,EAU POWDER PACT,https://img.ssgdfs.com/upload/C00001/goos/org/261/250910000923261.jpg?SF=webp&AR=0,"https://sky007.ivyro.net/BBIA/SANGSE/Eau_Powder_pact_01.jpg, https://sky007.ivyro.net/BBIA/SANGSE/Eau_Powder_pact_02.jpg, https://sky007.ivyro.net/BBIA/SANGSE/Eau_Powder_pact_03.jpg, https://sky007.ivyro.net/BBIA/SANGSE/Eau_Powder_pact_04.jpg, https://sky007.ivyro.net/BBIA/SANGSE/Eau_Powder_pact_05.jpg, https://sky007.ivyro.net/BBIA/SANGSE/Eau_Powder_pact_06.jpg, https://sky007.ivyro.net/BBIA/SANGSE/Eau_Powder_pact_07.jpg, https://sky007.ivyro.net/BBIA/SANGSE/Eau_Powder_pact_08.jpg",60
COLORGRAM,Fruity Glass Tint,https://img.ssgdfs.com/upload/C00001/goos/org/211/230811000305211.jpg?SF=webp&AR=0,,75
COLORGRAM,FRUITY GLASS TINT MINI DUO,https://static.lottedfs.cn/prod/prd-img/00/80/19/01/00/02/20001198000_2.jpg/dims/resize/460x460,"https://static.lottedfs.com/kr/product/proxy/src/https://cf-images.oliveyoung.co.kr/product/html/crop/A000000201779/202404010043/crop6/image.oliveyoung.co.kr/uploads/images/editor/QuickUpload/SYS/image/20240322132124/qhee_20240322132124.jpg?created=202404010045/dims/format/webp/optimize; https://static.lottedfs.com/kr/product/proxy/src/https://cf-images.oliveyoung.co.kr/product/html/crop/A000000201779/202404010043/crop0/image.oliveyoung.co.kr/uploads/images/editor/QuickUpload/SYS/image/20240322132142/qhee_20240322132142.jpg?created=202404010045/dims/format/webp/optimize, https://static.lottedfs.com/kr/product/proxy/src/https://cf-images.oliveyoung.co.kr/product/html/crop/A000000201779/202404010043/crop2/image.oliveyoung.co.kr/uploads/images/editor/QuickUpload/SYS/image/20240322132142/qhee_20240322132142.jpg?created=202404010045/dims/format/webp/optimize; https://static.lottedfs.com/kr/product/proxy/src/https://cf-images.oliveyoung.co.kr/product/html/crop/A000000201779/202404010043/crop3/image.oliveyoung.co.kr/uploads/images/editor/QuickUpload/SYS/image/20240322132142/qhee_20240322132142.jpg?created=202404010045/dims/format/webp/optimize; https://static.lottedfs.com/kr/product/proxy/src/https://cf-images.oliveyoung.co.kr/product/html/crop/A000000201779/202404010043/crop4/image.oliveyoung.co.kr/uploads/images/editor/QuickUpload/SYS/image/20240322132142/qhee_20240322132142.jpg?created=202404010045/dims/format/webp/optimize; https://static.lottedfs.com/kr/product/proxy/src/https://cf-images.oliveyoung.co.kr/product/html/crop/A000000201779/202404010043/crop0/image.oliveyoung.co.kr/uploads/images/editor/QuickUpload/SYS/image/20240322134523/qhee_20240322134523.jpg?created=202404010045/dims/format/webp/optimize",80
ENTROPY,Slide Up Dough Cheek,https://img.ssgdfs.com/upload/C00001/goos/org/278/251014000955278.png?SF=webp&AR=0,"details/C04301.jpg,details/C04302.jpg,details/C04303.jpg,details/C04304.jpg,details/C04305.jpg,details/C04306.jpg,details/C04307.jpg,details/C04308.jpg,details/C04309.jpg,details/C04310.jpg,details/C04311.jpg,details/C04312.jpg,details/C04313.jpg,details/C04314.jpg,details/C04315.jpg,details/C04316.jpg,details/C04317.jpg,details/C04318.jpg,details/C04319.jpg,details/C04320.jpg,details/C04321.jpg,details/C04322.jpg,details/C04323.jpg,details/C04324.jpg,details/C04325.jpg,details/C04326.jpg,details/C04327.jpg,details/C04328.jpg,details/C04329.jpg,details/C04330.jpg,details/C04331.jpg,details/C04332.jpg,details/C04333.jpg,details/C04334.jpg,details/C04335.jpg,details/C04336.jpg,details/C04337.jpg,details/C04338.jpg,details/C04339.jpg,details/C04340.jpg,details/C04341.jpg,details/C04342.jpg,details/C04343.jpg,details/C04344.jpg,details/C04345.jpg,details/C04346.jpg,details/C04347.jpg,details/C04348.jpg,details/C04349.jpg,details/C04350.jpg",130
ENTROPY,ENTROPY SLIDE-UP LIP& CHEEK SMOOTHIE EDITION,https://static.lottedfs.cn/prod/prd-img/64/58/43/01/00/02/20001435864_1.webp/dims/resize/460x460,"details/C04401.jpg,details/C04402.jpg,details/C04403.jpg,details/C04404.jpg,details/C04405.jpg,details/C04406.jpg,details/C04407.jpg,details/C04408.jpg,details/C04409.jpg,details/C04410.jpg,details/C04411.jpg,details/C04412.jpg,details/C04413.jpg,details/C04414.jpg,details/C04415.jpg,details/C04416.jpg,details/C04417.jpg,details/C04418.jpg,details/C04419.jpg,details/C04420.jpg,details/C04421.jpg,details/C04422.jpg,details/C04423.jpg,details/C04424.jpg,details/C04425.jpg,details/C04426.jpg,details/C04427.jpg,details/C04428.jpg,details/C04429.jpg,details/C04430.jpg,details/C04431.jpg,details/C04432.jpg,details/C04433.jpg,details/C04434.jpg,details/C04435.jpg,details/C04436.jpg,details/C04437.jpg,details/C04438.jpg,details/C04439.jpg,details/C04440.jpg,details/C04441.jpg,details/C04442.jpg,details/C04443.jpg,details/C04444.jpg,details/C04445.jpg,details/C04446.jpg,details/C04447.jpg,details/C04448.jpg,details/C04449.jpg,details/C04450.jpg",52
ENTROPY,CHARM TINT SMOOTHIE EDITION ,https://static.lottedfs.cn/prod/prd-img/79/58/43/01/00/02/20001435879_1.webp/dims/resize/460x460,"details/C04501.jpg,details/C04502.jpg,details/C04503.jpg,details/C04504.jpg,details/C04505.jpg,details/C04506.jpg,details/C04507.jpg,details/C04508.jpg,details/C04509.jpg,details/C04510.jpg,details/C04511.jpg,details/C04512.jpg,details/C04513.jpg,details/C04514.jpg,details/C04515.jpg,details/C04516.jpg,details/C04517.jpg,details/C04518.jpg,details/C04519.jpg,details/C04520.jpg,details/C04521.jpg,details/C04522.jpg,details/C04523.jpg,details/C04524.jpg,details/C04525.jpg,details/C04526.jpg,details/C04527.jpg,details/C04528.jpg,details/C04529.jpg,details/C04530.jpg,details/C04531.jpg,details/C04532.jpg,details/C04533.jpg,details/C04534.jpg,details/C04535.jpg,details/C04536.jpg,details/C04537.jpg,details/C04538.jpg,details/C04539.jpg,details/C04540.jpg,details/C04541.jpg,details/C04542.jpg,details/C04543.jpg,details/C04544.jpg,details/C04545.jpg,details/C04546.jpg,details/C04547.jpg,details/C04548.jpg,details/C04549.jpg,details/C04550.jpg",52
ENTROPY,CHARM TINT GLOSSY GEL LINE,https://static.lottedfs.cn/prod/prd-img/15/70/32/01/00/02/20001327015_2.jpg/dims/resize/400x400,"details/C04601.jpg,details/C04602.jpg,details/C04603.jpg,details/C04604.jpg,details/C04605.jpg,details/C04606.jpg,details/C04607.jpg,details/C04608.jpg,details/C04609.jpg,details/C04610.jpg,details/C04611.jpg,details/C04612.jpg,details/C04613.jpg,details/C04614.jpg,details/C04615.jpg,details/C04616.jpg,details/C04617.jpg,details/C04618.jpg,details/C04619.jpg,details/C04620.jpg,details/C04621.jpg,details/C04622.jpg,details/C04623.jpg,details/C04624.jpg,details/C04625.jpg,details/C04626.jpg,details/C04627.jpg,details/C04628.jpg,details/C04629.jpg,details/C04630.jpg,details/C04631.jpg,details/C04632.jpg,details/C04633.jpg,details/C04634.jpg,details/C04635.jpg,details/C04636.jpg,details/C04637.jpg,details/C04638.jpg,details/C04639.jpg,details/C04640.jpg,details/C04641.jpg,details/C04642.jpg,details/C04643.jpg,details/C04644.jpg,details/C04645.jpg,details/C04646.jpg,details/C04647.jpg,details/C04648.jpg,details/C04649.jpg,details/C04650.jpg",85
ENTROPY,CHARM TINT BASE BLURRY LINE,https://static.lottedfs.cn/prod/prd-img/52/61/32/01/00/02/20001326152_2.jpg/dims/resize/400x400,"details/C04701.jpg,details/C04702.jpg,details/C04703.jpg,details/C04704.jpg,details/C04705.jpg,details/C04706.jpg,details/C04707.jpg,details/C04708.jpg,details/C04709.jpg,details/C04710.jpg,details/C04711.jpg,details/C04712.jpg,details/C04713.jpg,details/C04714.jpg,details/C04715.jpg,details/C04716.jpg,details/C04717.jpg,details/C04718.jpg,details/C04719.jpg,details/C04720.jpg,details/C04721.jpg,details/C04722.jpg,details/C04723.jpg,details/C04724.jpg,details/C04725.jpg,details/C04726.jpg,details/C04727.jpg,details/C04728.jpg,details/C04729.jpg,details/C04730.jpg,details/C04731.jpg,details/C04732.jpg,details/C04733.jpg,details/C04734.jpg,details/C04735.jpg,details/C04736.jpg,details/C04737.jpg,details/C04738.jpg,details/C04739.jpg,details/C04740.jpg,details/C04741.jpg,details/C04742.jpg,details/C04743.jpg,details/C04744.jpg,details/C04745.jpg,details/C04746.jpg,details/C04747.jpg,details/C04748.jpg,details/C04749.jpg,details/C04750.jpg",85
ENTROPY,ENTROPY 51% LIP SERUM,https://static.lottedfs.cn/prod/prd-img/18/71/32/01/00/02/20001327118_2.jpg/dims/resize/400x400,"details/C04801.jpg,details/C04802.jpg,details/C04803.jpg,details/C04804.jpg,details/C04805.jpg,details/C04806.jpg,details/C04807.jpg,details/C04808.jpg,details/C04809.jpg,details/C04810.jpg,details/C04811.jpg,details/C04812.jpg,details/C04813.jpg,details/C04814.jpg,details/C04815.jpg,details/C04816.jpg,details/C04817.jpg,details/C04818.jpg,details/C04819.jpg,details/C04820.jpg,details/C04821.jpg,details/C04822.jpg,details/C04823.jpg,details/C04824.jpg,details/C04825.jpg,details/C04826.jpg,details/C04827.jpg,details/C04828.jpg,details/C04829.jpg,details/C04830.jpg,details/C04831.jpg,details/C04832.jpg,details/C04833.jpg,details/C04834.jpg,details/C04835.jpg,details/C04836.jpg,details/C04837.jpg,details/C04838.jpg,details/C04839.jpg,details/C04840.jpg,details/C04841.jpg,details/C04842.jpg,details/C04843.jpg,details/C04844.jpg,details/C04845.jpg,details/C04846.jpg,details/C04847.jpg,details/C04848.jpg,details/C04849.jpg,details/C04850.jpg",95
ENTROPY,BROW BLEACH,https://static.lottedfs.cn/prod/prd-img/25/58/15/01/00/02/20001155825_3.webp/dims/resize/400x400,"details/C0491.jpg,details/C0492.jpg,details/C0493.jpg,details/C0494.gif,details/C0495.jpg,details/C0496.jpg,details/C04907.jpg,details/C04908.jpg,details/C04909.jpg,details/C04910.jpg,details/C04911.jpg,details/C04912.jpg,details/C04913.jpg,details/C04914.jpg,details/C04915.jpg,details/C04916.jpg,details/C04917.jpg,details/C04918.jpg,details/C04919.jpg,details/C04920.jpg,details/C04921.jpg,details/C04922.jpg,details/C04923.jpg,details/C04924.jpg,details/C04925.jpg,details/C04926.jpg,details/C04927.jpg,details/C04928.jpg,details/C04929.jpg,details/C04930.jpg,details/C04931.jpg,details/C04932.jpg,details/C04933.jpg,details/C04934.jpg,details/C04935.jpg,details/C04936.jpg,details/C04937.jpg,details/C04938.jpg,details/C04939.jpg,details/C04940.jpg,details/C04941.jpg,details/C04942.jpg,details/C04943.jpg,details/C04944.jpg,details/C04945.jpg,details/C04946.jpg,details/C04947.jpg,details/C04948.jpg,details/C04949.jpg,details/C04950.jpg",180
FRESHIAN,EGG LIKE CREAM BLUSH,https://img.ssgdfs.com/upload/C00001/goos/org/436/251030000971436.png?RS=440,"details/C05001.jpg,details/C05002.jpg,details/C05003.jpg,details/C05004.jpg,details/C05005.jpg,details/C05006.jpg,details/C05007.jpg,details/C05008.jpg,details/C05009.jpg,details/C05010.jpg,details/C05011.jpg,details/C05012.jpg,details/C05013.jpg,details/C05014.jpg,details/C05015.jpg,details/C05016.jpg,details/C05017.jpg,details/C05018.jpg,details/C05019.jpg,details/C05020.jpg,details/C05021.jpg,details/C05022.jpg,details/C05023.jpg,details/C05024.jpg,details/C05025.jpg,details/C05026.jpg,details/C05027.jpg,details/C05028.jpg,details/C05029.jpg,details/C05030.jpg,details/C05031.jpg,details/C05032.jpg,details/C05033.jpg,details/C05034.jpg,details/C05035.jpg,details/C05036.jpg,details/C05037.jpg,details/C05038.jpg,details/C05039.jpg,details/C05040.jpg,details/C05041.jpg,details/C05042.jpg,details/C05043.jpg,details/C05044.jpg,details/C05045.jpg,details/C05046.jpg,details/C05047.jpg,details/C05048.jpg,details/C05049.jpg,details/C05050.jpg",95
FRESHIAN,Egglike Cushion SET,https://img.ssgdfs.com/upload/C00001/goos/org/613/260327001098613.jpg?RS=440,"details/C05101.jpg,details/C05102.jpg,details/C05103.jpg,details/C05104.jpg,details/C05105.jpg,details/C05106.jpg,details/C05107.jpg,details/C05108.jpg,details/C05109.jpg,details/C05110.jpg,details/C05111.jpg,details/C05112.jpg,details/C05113.jpg,details/C05114.jpg,details/C05115.jpg,details/C05116.jpg,details/C05117.jpg,details/C05118.jpg,details/C05119.jpg,details/C05120.jpg,details/C05121.jpg,details/C05122.jpg,details/C05123.jpg,details/C05124.jpg,details/C05125.jpg,details/C05126.jpg,details/C05127.jpg,details/C05128.jpg,details/C05129.jpg,details/C05130.jpg,details/C05131.jpg,details/C05132.jpg,details/C05133.jpg,details/C05134.jpg,details/C05135.jpg,details/C05136.jpg,details/C05137.jpg,details/C05138.jpg,details/C05139.jpg,details/C05140.jpg,details/C05141.jpg,details/C05142.jpg,details/C05143.jpg,details/C05144.jpg,details/C05145.jpg,details/C05146.jpg,details/C05147.jpg,details/C05148.jpg,details/C05149.jpg,details/C05150.jpg",145
FRESHIAN,Pepta Serum Cushion Set,https://img.ssgdfs.com/upload/C00001/goos/org/439/251030000971439.png?RS=440,"details/C05201.jpg,details/C05202.jpg,details/C05203.jpg,details/C05204.jpg,details/C05205.jpg,details/C05206.jpg,details/C05207.jpg,details/C05208.jpg,details/C05209.jpg,details/C05210.jpg,details/C05211.jpg,details/C05212.jpg,details/C05213.jpg,details/C05214.jpg,details/C05215.jpg,details/C05216.jpg,details/C05217.jpg,details/C05218.jpg,details/C05219.jpg,details/C05220.jpg,details/C05221.jpg,details/C05222.jpg,details/C05223.jpg,details/C05224.jpg,details/C05225.jpg,details/C05226.jpg,details/C05227.jpg,details/C05228.jpg,details/C05229.jpg,details/C05230.jpg,details/C05231.jpg,details/C05232.jpg,details/C05233.jpg,details/C05234.jpg,details/C05235.jpg,details/C05236.jpg,details/C05237.jpg,details/C05238.jpg,details/C05239.jpg,details/C05240.jpg,details/C05241.jpg,details/C05242.jpg,details/C05243.jpg,details/C05244.jpg,details/C05245.jpg,details/C05246.jpg,details/C05247.jpg,details/C05248.jpg,details/C05249.jpg,details/C05250.jpg",145
FRESHIAN,EGG-LIKE FOUNDATION,https://img.ssgdfs.com/upload/C00001/goos/org/263/251203000996263.jpg?RS=440,"details/C05301.jpg,details/C05302.jpg,details/C05303.jpg,details/C05304.jpg,details/C05305.jpg,details/C05306.jpg,details/C05307.jpg,details/C05308.jpg,details/C05309.jpg,details/C05310.jpg,details/C05311.jpg,details/C05312.jpg,details/C05313.jpg,details/C05314.jpg,details/C05315.jpg,details/C05316.jpg,details/C05317.jpg,details/C05318.jpg,details/C05319.jpg,details/C05320.jpg,details/C05321.jpg,details/C05322.jpg,details/C05323.jpg,details/C05324.jpg,details/C05325.jpg,details/C05326.jpg,details/C05327.jpg,details/C05328.jpg,details/C05329.jpg,details/C05330.jpg,details/C05331.jpg,details/C05332.jpg,details/C05333.jpg,details/C05334.jpg,details/C05335.jpg,details/C05336.jpg,details/C05337.jpg,details/C05338.jpg,details/C05339.jpg,details/C05340.jpg,details/C05341.jpg,details/C05342.jpg,details/C05343.jpg,details/C05344.jpg,details/C05345.jpg,details/C05346.jpg,details/C05347.jpg,details/C05348.jpg,details/C05349.jpg,details/C05350.jpg",165
FRESHIAN,Sensual Vegan Lip Balm 10 New Hope ,https://img.ssgdfs.com/upload/C00001/goos/org/923/250708000867923.jpg?SF=webp&AR=0,"details/C0541.webp,details/C05402.jpg,details/C05403.jpg,details/C05404.jpg,details/C05405.jpg,details/C05406.jpg,details/C05407.jpg,details/C05408.jpg,details/C05409.jpg,details/C05410.jpg,details/C05411.jpg,details/C05412.jpg,details/C05413.jpg,details/C05414.jpg,details/C05415.jpg,details/C05416.jpg,details/C05417.jpg,details/C05418.jpg,details/C05419.jpg,details/C05420.jpg,details/C05421.jpg,details/C05422.jpg,details/C05423.jpg,details/C05424.jpg,details/C05425.jpg,details/C05426.jpg,details/C05427.jpg,details/C05428.jpg,details/C05429.jpg,details/C05430.jpg,details/C05431.jpg,details/C05432.jpg,details/C05433.jpg,details/C05434.jpg,details/C05435.jpg,details/C05436.jpg,details/C05437.jpg,details/C05438.jpg,details/C05439.jpg,details/C05440.jpg,details/C05441.jpg,details/C05442.jpg,details/C05443.jpg,details/C05444.jpg,details/C05445.jpg,details/C05446.jpg,details/C05447.jpg,details/C05448.jpg,details/C05449.jpg,details/C05450.jpg",115
FRESHIAN,Glutathione Prep Primer 40g,https://img.ssgdfs.com/upload/C00001/goos/org/732/260211001050732.jpg?RS=440,"details/C05501.jpg,details/C05502.jpg,details/C05503.jpg,details/C05504.jpg,details/C05505.jpg,details/C05506.jpg,details/C05507.jpg,details/C05508.jpg,details/C05509.jpg,details/C05510.jpg,details/C05511.jpg,details/C05512.jpg,details/C05513.jpg,details/C05514.jpg,details/C05515.jpg,details/C05516.jpg,details/C05517.jpg,details/C05518.jpg,details/C05519.jpg,details/C05520.jpg,details/C05521.jpg,details/C05522.jpg,details/C05523.jpg,details/C05524.jpg,details/C05525.jpg,details/C05526.jpg,details/C05527.jpg,details/C05528.jpg,details/C05529.jpg,details/C05530.jpg,details/C05531.jpg,details/C05532.jpg,details/C05533.jpg,details/C05534.jpg,details/C05535.jpg,details/C05536.jpg,details/C05537.jpg,details/C05538.jpg,details/C05539.jpg,details/C05540.jpg,details/C05541.jpg,details/C05542.jpg,details/C05543.jpg,details/C05544.jpg,details/C05545.jpg,details/C05546.jpg,details/C05547.jpg,details/C05548.jpg,details/C05549.jpg,details/C05550.jpg",128
FRESHIAN,SENSUAL VEGAN LIP BALM,https://static.lottedfs.cn/prod/prd-img/71/78/09/01/00/02/20001097871_3.jpg/dims/resize/460x460,"details/C05601.jpg,details/C05602.jpg,details/C05603.jpg,details/C05604.jpg,details/C05605.jpg,details/C05606.jpg,details/C05607.jpg,details/C05608.jpg,details/C05609.jpg,details/C05610.jpg,details/C05611.jpg,details/C05612.jpg,details/C05613.jpg,details/C05614.jpg,details/C05615.jpg,details/C05616.jpg,details/C05617.jpg,details/C05618.jpg,details/C05619.jpg,details/C05620.jpg,details/C05621.jpg,details/C05622.jpg,details/C05623.jpg,details/C05624.jpg,details/C05625.jpg,details/C05626.jpg,details/C05627.jpg,details/C05628.jpg,details/C05629.jpg,details/C05630.jpg,details/C05631.jpg,details/C05632.jpg,details/C05633.jpg,details/C05634.jpg,details/C05635.jpg,details/C05636.jpg,details/C05637.jpg,details/C05638.jpg,details/C05639.jpg,details/C05640.jpg,details/C05641.jpg,details/C05642.jpg,details/C05643.jpg,details/C05644.jpg,details/C05645.jpg,details/C05646.jpg,details/C05647.jpg,details/C05648.jpg,details/C05649.jpg,details/C05650.jpg",115
ESPOIR,SILK SKIN LAYER CUSHION (+refill),https://static.lottedfs.cn/prod/prd-img/17/44/41/01/00/02/20001414417_2.webp/dims/resize/460x460,"details/C05701.jpg,details/C05702.jpg,details/C05703.jpg,details/C05704.jpg,details/C05705.jpg,details/C05706.jpg,details/C05707.jpg,details/C05708.jpg,details/C05709.jpg,details/C05710.jpg,details/C05711.jpg,details/C05712.jpg,details/C05713.jpg,details/C05714.jpg,details/C05715.jpg,details/C05716.jpg,details/C05717.jpg,details/C05718.jpg,details/C05719.jpg,details/C05720.jpg,details/C05721.jpg,details/C05722.jpg,details/C05723.jpg,details/C05724.jpg,details/C05725.jpg,details/C05726.jpg,details/C05727.jpg,details/C05728.jpg,details/C05729.jpg,details/C05730.jpg,details/C05731.jpg,details/C05732.jpg,details/C05733.jpg,details/C05734.jpg,details/C05735.jpg,details/C05736.jpg,details/C05737.jpg,details/C05738.jpg,details/C05739.jpg,details/C05740.jpg,details/C05741.jpg,details/C05742.jpg,details/C05743.jpg,details/C05744.jpg,details/C05745.jpg,details/C05746.jpg,details/C05747.jpg,details/C05748.jpg,details/C05749.jpg,details/C05750.jpg",172
ESPOIR,STROBING HIGHLIGHTER ,https://static.lottedfs.cn/prod/prd-img/41/29/35/01/00/02/20001352941_2.jpg/dims/resize/460x460,"details/C05801.jpg,details/C05802.jpg,details/C05803.jpg,details/C05804.jpg,details/C05805.jpg,details/C05806.jpg,details/C05807.jpg,details/C05808.jpg,details/C05809.jpg,details/C05810.jpg,details/C05811.gif,details/C05812.jpg,details/C05813.jpg,details/C05814.jpg,details/C05815.jpg,details/C05816.jpg,details/C05817.jpg,details/C05818.jpg,details/C05819.jpg,details/C05820.jpg,details/C05821.jpg,details/C05822.jpg,details/C05823.jpg,details/C05824.jpg,details/C05825.jpg,details/C05826.jpg,details/C05827.jpg,details/C05828.jpg,details/C05829.jpg,details/C05830.jpg,details/C05831.jpg,details/C05832.jpg,details/C05833.jpg,details/C05834.jpg,details/C05835.jpg,details/C05836.jpg,details/C05837.jpg,details/C05838.jpg,details/C05839.jpg,details/C05840.jpg,details/C05841.jpg,details/C05842.jpg,details/C05843.jpg,details/C05844.jpg,details/C05845.jpg,details/C05846.jpg,details/C05847.jpg,details/C05848.jpg,details/C05849.jpg,details/C05850.jpg",130
ESPOIR,BE GLOW VOLUME CUSHION ROSELIGHT SPECIAL SET ,https://static.lottedfs.cn/prod/prd-img/52/42/39/01/00/02/20001394252_4.webp/dims/resize/460x460,"details/C05901.jpg,details/C05902.jpg,details/C05903.jpg,details/C05904.jpg,details/C05905.jpg,details/C05906.jpg,details/C05907.jpg,details/C05908.jpg,details/C05909.jpg,details/C05910.jpg,details/C05911.gif,details/C05912.jpg,details/C05913.jpg,details/C05914.jpg,details/C05915.jpg,details/C05916.jpg,details/C05917.jpg,details/C05918.jpg,details/C05919.jpg,details/C05920.jpg,details/C05921.jpg,details/C05922.jpg,details/C05923.jpg,details/C05924.jpg,details/C05925.jpg,details/C05926.jpg,details/C05927.jpg,details/C05928.jpg,details/C05929.jpg,details/C05930.jpg,details/C05931.jpg,details/C05932.jpg,details/C05933.jpg,details/C05934.jpg,details/C05935.jpg,details/C05936.jpg,details/C05937.jpg,details/C05938.jpg,details/C05939.jpg,details/C05940.jpg,details/C05941.jpg,details/C05942.jpg,details/C05943.jpg,details/C05944.jpg,details/C05945.jpg,details/C05946.jpg,details/C05947.jpg,details/C05948.jpg,details/C05949.jpg,details/C05950.jpg",165
ESPOIR,BARE GLOW LIP BALM #5 ROSELIGHT SPECIAL SET ,https://static.lottedfs.cn/prod/prd-img/94/40/39/01/00/02/20001394094_4.webp/dims/resize/460x460,"details/C0601.webp,details/C0602.webp,details/C0603.webp,details/C0604.webp,details/C0605.webp,details/C0606.webp,details/C0607.webp,details/C0608.webp,details/C0609.webp,details/C06010.webp",100
ESPOIR,BEGLOW STICK SHADING 修容棒,https://img.ssgdfs.com/upload/C00001/goos/org/009/241022000654009.jpg?RS=440,"details/C06101.jpg,details/C06102.jpg,details/C06103.jpg,details/C06104.jpg,details/C06105.jpg,details/C06106.jpg,details/C06107.jpg,details/C06108.jpg,details/C06109.jpg,details/C06110.jpg,details/C06111.gif,details/C06112.jpg,details/C06113.jpg,details/C06114.jpg,details/C06115.jpg,details/C06116.jpg,details/C06117.jpg,details/C06118.jpg,details/C06119.jpg,details/C06120.jpg,details/C06121.jpg,details/C06122.jpg,details/C06123.jpg,details/C06124.jpg,details/C06125.jpg,details/C06126.jpg,details/C06127.jpg,details/C06128.jpg,details/C06129.jpg,details/C06130.jpg,details/C06131.jpg,details/C06132.jpg,details/C06133.jpg,details/C06134.jpg,details/C06135.jpg,details/C06136.jpg,details/C06137.jpg,details/C06138.jpg,details/C06139.jpg,details/C06140.jpg,details/C06141.jpg,details/C06142.jpg,details/C06143.jpg,details/C06144.jpg,details/C06145.jpg,details/C06146.jpg,details/C06147.jpg,details/C06148.jpg,details/C06149.jpg,details/C06150.jpg",140
ESPOIR,BE GLOW STICK RADIANCE 高光棒,https://static.lottedfs.cn/prod/prd-img/42/74/24/01/00/02/20001247442_2.jpg/dims/resize/460x460,"details/C06201.jpg,details/C06202.jpg,details/C06203.jpg,details/C06204.jpg,details/C06205.jpg,details/C06206.jpg,details/C06207.jpg,details/C06208.jpg,details/C06209.jpg,details/C06210.jpg,details/C06211.gif,details/C06212.jpg,details/C06213.jpg,details/C06214.jpg,details/C06215.jpg,details/C06216.jpg,details/C06217.jpg,details/C06218.jpg,details/C06219.jpg,details/C06220.jpg,details/C06221.jpg,details/C06222.jpg,details/C06223.jpg,details/C06224.jpg,details/C06225.jpg,details/C06226.jpg,details/C06227.jpg,details/C06228.jpg,details/C06229.jpg,details/C06230.jpg,details/C06231.jpg,details/C06232.jpg,details/C06233.jpg,details/C06234.jpg,details/C06235.jpg,details/C06236.jpg,details/C06237.jpg,details/C06238.jpg,details/C06239.jpg,details/C06240.jpg,details/C06241.jpg,details/C06242.jpg,details/C06243.jpg,details/C06244.jpg,details/C06245.jpg,details/C06246.jpg,details/C06247.jpg,details/C06248.jpg,details/C06249.jpg,details/C06250.jpg",140
ESPOIR,Blur Wear Blush,https://img.ssgdfs.com/upload/C00001/goos/org/529/260304001067529.jpg?SF=webp&AR=0,"details/C0631.jpg,details/C0632.jpg,details/C0633.jpg,details/C06304.jpg,details/C06305.jpg,details/C06306.jpg,details/C06307.jpg,details/C06308.jpg,details/C06309.jpg,details/C06310.jpg,details/C06311.gif,details/C06312.jpg,details/C06313.jpg,details/C06314.jpg,details/C06315.jpg,details/C06316.jpg,details/C06317.jpg,details/C06318.jpg,details/C06319.jpg,details/C06320.jpg,details/C06321.jpg,details/C06322.jpg,details/C06323.jpg,details/C06324.jpg,details/C06325.jpg,details/C06326.jpg,details/C06327.jpg,details/C06328.jpg,details/C06329.jpg,details/C06330.jpg,details/C06331.jpg,details/C06332.jpg,details/C06333.jpg,details/C06334.jpg,details/C06335.jpg,details/C06336.jpg,details/C06337.jpg,details/C06338.jpg,details/C06339.jpg,details/C06340.jpg,details/C06341.jpg,details/C06342.jpg,details/C06343.jpg,details/C06344.jpg,details/C06345.jpg,details/C06346.jpg,details/C06347.jpg,details/C06348.jpg,details/C06349.jpg,details/C06350.jpg",125
ESPOIR,Fitting Sponge Handy 4EA,https://img.ssgdfs.com/upload/C00001/goos/org/868/240812000599868.jpg?SF=webp&AR=0,"details/C0641.jpg,details/C0642.gif,details/C0643.jpg,details/C0644.jpg,details/C0645.jpg,details/C0646.jpg,details/C0647.jpg,details/C06408.jpg,details/C06409.jpg,details/C06410.jpg,details/C06411.gif,details/C06412.jpg,details/C06413.jpg,details/C06414.jpg,details/C06415.jpg,details/C06416.jpg,details/C06417.jpg,details/C06418.jpg,details/C06419.jpg,details/C06420.jpg,details/C06421.jpg,details/C06422.jpg,details/C06423.jpg,details/C06424.jpg,details/C06425.jpg,details/C06426.jpg,details/C06427.jpg,details/C06428.jpg,details/C06429.jpg,details/C06430.jpg,details/C06431.jpg,details/C06432.jpg,details/C06433.jpg,details/C06434.jpg,details/C06435.jpg,details/C06436.jpg,details/C06437.jpg,details/C06438.jpg,details/C06439.jpg,details/C06440.jpg,details/C06441.jpg,details/C06442.jpg,details/C06443.jpg,details/C06444.jpg,details/C06445.jpg,details/C06446.jpg,details/C06447.jpg,details/C06448.jpg,details/C06449.jpg,details/C06450.jpg",80
ESPOIR,★ 2025 RENEWAL BE VELVET COVER CUSHION (MAIN PRODUCT + REFILL),https://static.lottedfs.cn/prod/prd-img/88/57/29/01/00/02/20001295788_1.jpg/dims/resize/460x460,"details/C06501.jpg,details/C06502.jpg,details/C06503.jpg,details/C06504.jpg,details/C06505.jpg,details/C06506.jpg,details/C06507.jpg,details/C06508.jpg,details/C06509.jpg,details/C06510.jpg,details/C06511.gif,details/C06512.jpg,details/C06513.jpg,details/C06514.jpg,details/C06515.jpg,details/C06516.jpg,details/C06517.jpg,details/C06518.jpg,details/C06519.jpg,details/C06520.jpg,details/C06521.jpg,details/C06522.jpg,details/C06523.jpg,details/C06524.jpg,details/C06525.jpg,details/C06526.jpg,details/C06527.jpg,details/C06528.jpg,details/C06529.jpg,details/C06530.jpg,details/C06531.jpg,details/C06532.jpg,details/C06533.jpg,details/C06534.jpg,details/C06535.jpg,details/C06536.jpg,details/C06537.jpg,details/C06538.jpg,details/C06539.jpg,details/C06540.jpg,details/C06541.jpg,details/C06542.jpg,details/C06543.jpg,details/C06544.jpg,details/C06545.jpg,details/C06546.jpg,details/C06547.jpg,details/C06548.jpg,details/C06549.jpg,details/C06550.jpg",180
GLOW,breathable BB cream 30ml,https://img.ssgdfs.com/upload/C00001/goos/org/126/250722000876126.jpg?SF=webp&AR=0,"details/C06601.webp,details/C06602.webp,details/C06603.webp,details/C06604.webp,details/C06605.webp,details/C06606.webp,details/C06607.webp,details/C06608.webp,details/C06609.webp,details/C06610.webp,details/C06611.webp,details/C06612.webp,details/C06613.webp,details/C06614.webp,details/C06615.webp,details/C06616.webp,details/C06617.webp,details/C06618.webp,details/C06619.webp,details/C06620.webp,details/C06621.webp,details/C06622.webp,details/C06623.webp,details/C06624.webp,details/C06625.webp,details/C06626.webp,details/C06627.webp,details/C06628.webp,details/C06629.webp,details/C06630.webp,details/C06631.webp,details/C06632.webp,details/C06633.webp,details/C06634.webp,details/C06635.webp,details/C06636.webp,details/C06637.webp,details/C06638.webp,details/C06639.webp,details/C06640.webp,details/C06641.webp,details/C06642.webp,details/C06643.webp,details/C06644.webp,details/C06645.webp,details/C06646.webp,details/C06647.webp,details/C06648.webp,details/C06649.webp,details/C06650.webp",160
GLOW,not dry concealer 10g,https://img.ssgdfs.com/upload/C00001/goos/org/857/251223001006857.jpg?SF=webp&AR=0,"details/C06701.webp,details/C06702.webp,details/C06703.webp,details/C06704.webp,details/C06705.webp,details/C06706.webp,details/C06707.webp,details/C06708.webp,details/C06709.webp,details/C06710.webp,details/C06711.webp,details/C06712.webp,details/C06713.webp,details/C06714.webp,details/C06715.webp,details/C06716.webp,details/C06717.webp,details/C06718.webp,details/C06719.webp,details/C06720.webp,details/C06721.webp,details/C06722.webp,details/C06723.webp,details/C06724.webp,details/C06725.webp,details/C06726.webp,details/C06727.webp,details/C06728.webp,details/C06729.webp,details/C06730.webp,details/C06731.webp,details/C06732.webp,details/C06733.webp,details/C06734.webp,details/C06735.webp,details/C06736.webp,details/C06737.webp,details/C06738.webp,details/C06739.webp,details/C06740.webp,details/C06741.webp,details/C06742.webp,details/C06743.webp,details/C06744.webp,details/C06745.webp,details/C06746.webp,details/C06747.webp,details/C06748.webp,details/C06749.webp,details/C06750.webp",130
GLOW,shattered glass glitter 3.5g,https://img.ssgdfs.com/upload/C00001/goos/org/140/250722000876140.jpg?SF=webp&AR=0,"details/C06801.webp,details/C06802.webp,details/C06803.webp,details/C06804.webp,details/C06805.webp,details/C06806.webp,details/C06807.webp,details/C06808.webp,details/C06809.webp,details/C06810.webp,details/C06811.webp,details/C06812.webp,details/C06813.webp,details/C06814.webp,details/C06815.webp,details/C06816.webp,details/C06817.webp,details/C06818.webp,details/C06819.webp,details/C06820.webp,details/C06821.webp,details/C06822.webp,details/C06823.webp,details/C06824.webp,details/C06825.webp,details/C06826.webp,details/C06827.webp,details/C06828.webp,details/C06829.webp,details/C06830.webp,details/C06831.webp,details/C06832.webp,details/C06833.webp,details/C06834.webp,details/C06835.webp,details/C06836.webp,details/C06837.webp,details/C06838.webp,details/C06839.webp,details/C06840.webp,details/C06841.webp,details/C06842.webp,details/C06843.webp,details/C06844.webp,details/C06845.webp,details/C06846.webp,details/C06847.webp,details/C06848.webp,details/C06849.webp,details/C06850.webp",115
GLOW,Seasoning Highlighter 3.3g x 3ea,https://img.ssgdfs.com/upload/C00001/goos/org/940/250826000908940.jpg?SF=webp&AR=0,"details/C06901.webp,details/C06902.webp,details/C06903.webp,details/C06904.webp,details/C06905.webp,details/C06906.webp,details/C06907.webp,details/C06908.webp,details/C06909.webp,details/C06910.webp,details/C06911.webp,details/C06912.webp,details/C06913.webp,details/C06914.webp,details/C06915.webp,details/C06916.webp,details/C06917.webp,details/C06918.webp,details/C06919.webp,details/C06920.webp,details/C06921.webp,details/C06922.webp,details/C06923.webp,details/C06924.webp,details/C06925.webp,details/C06926.webp,details/C06927.webp,details/C06928.webp,details/C06929.webp,details/C06930.webp,details/C06931.webp,details/C06932.webp,details/C06933.webp,details/C06934.webp,details/C06935.webp,details/C06936.webp,details/C06937.webp,details/C06938.webp,details/C06939.webp,details/C06940.webp,details/C06941.webp,details/C06942.webp,details/C06943.webp,details/C06944.webp,details/C06945.webp,details/C06946.webp,details/C06947.webp,details/C06948.webp,details/C06949.webp,details/C06950.webp",270
GLOW,peach peptide lip balm,https://img.ssgdfs.com/upload/C00001/goos/org/772/251201000994772.jpg?SF=webp&AR=0,"details/C0701.webp,details/C0702.webp,details/C0703.webp,details/C0704.webp,details/C0705.webp,details/C0706.webp,details/C0707.webp,details/C0708.webp,details/C0709.webp,details/C07010.webp",115
GLINT,BAKED BLUSH,https://image2.shilladutyfree.cn/files/product2/2026/02/24/971311000015_20260224_15203504_12_971311000015_1.JPG,"details2/C0711.webp,details2/C0712.webp,details2/C0713.webp,details2/C0714.webp,details/C0715.webp,details/C0716.webp,details/C0717.webp,details/C0718.webp,details/C0719.webp,details/C07110.webp",115
GLINT,STICK HIGHLIGHTER,https://image1.shilladfs.com/files/product2/2026/02/24/971311000006_20260224_15193353_12_971311000006_1.JPG,"details2/C0721.webp,details2/C0722.webp,details/C0723.webp,details/C0724.webp,details/C0725.webp,details/C0726.webp,details/C0727.webp,details/C0728.webp,details/C0729.webp,details/C07210.webp",125
GLINT,GLINT.TOO SHINY,https://image2.shilladutyfree.cn/files/product2/2026/02/24/971311000019_20260224_15181776_12_971311000019_1.JPG,"details/C0731.png,details/C0732.gif,details/C0733.gif,details/C0734.png,details/C0735.png,details/C0736.png,details/C0737.gif,details/C0738.png,details/C0739.gif,details/C07310.png,details/C07311.png,details/C07312.png,details/C07313.png,details/C07314.png",115
VDL,TONE STAIN COLOR CORRECTING (4 Colors),https://image2.shilladutyfree.cn/files/product2/2026/01/15/672811001368_20260115_10061466_12_672811001368_1.JPG,"details2/C0741.jpg,details2/C0742.gif,details/C0743.jpg,details/C0744.jpg,details/C0745.jpg,details/C0746.jpg,details/C0747.jpg,details/C07408.jpg,details/C07409.jpg,details/C07410.jpg,details/C07411.gif,details/C07412.jpg,details/C07413.jpg,details/C07414.jpg,details/C07415.jpg,details/C07416.jpg,details/C07417.jpg,details/C07418.jpg,details/C07419.jpg,details/C07420.jpg,details/C07421.jpg,details/C07422.jpg,details/C07423.jpg,details/C07424.jpg,details/C07425.jpg,details/C07426.jpg,details/C07427.jpg,details/C07428.jpg,details/C07429.jpg,details/C07430.jpg,details/C07431.jpg,details/C07432.jpg,details/C07433.jpg,details/C07434.jpg,details/C07435.jpg,details/C07436.jpg,details/C07437.jpg,details/C07438.jpg,details/C07439.jpg,details/C07440.jpg,details/C07441.jpg,details/C07442.jpg,details/C07443.jpg,details/C07444.jpg,details/C07445.jpg,details/C07446.jpg,details/C07447.jpg,details/C07448.jpg,details/C07449.jpg,details/C07450.jpg",125
VDL,ROSE PDRN PREP BASE 40ML,https://image1.shilladfs.com/files/product2/2026/01/21/672811001460_20260121_19182204_12_672811001460_1.JPG,"details2/C0751.jpg,details/C0752.jpg,details/C0753.jpg,details/C0754.jpg,details/C0755.jpg,details/C0756.jpg,details/C0757.jpg,details/C0758.jpg,details/C0759.jpg,details/C07510.jpg,details/C07511.jpg,details/C07512.jpg,details/C07513.jpg,details/C07514.jpg,details/C07515.jpg,details/C07516.jpg,details/C07517.jpg,details/C07518.jpg,details/C07519.jpg,details/C07520.jpg,details/C07521.jpg,details/C07522.jpg,details/C07523.jpg,details/C07524.jpg,details/C07525.jpg,details/C07526.jpg,details/C07527.jpg,details/C07528.jpg,details/C07529.jpg,details/C07530.jpg,details/C07531.jpg,details/C07532.jpg,details/C07533.jpg,details/C07534.jpg,details/C07535.jpg,details/C07536.jpg,details/C07537.jpg,details/C07538.jpg,details/C07539.jpg,details/C07540.jpg,details/C07541.jpg,details/C07542.jpg,details/C07543.jpg,details/C07544.jpg,details/C07545.jpg,details/C07546.jpg,details/C07547.jpg,details/C07548.jpg,details/C07549.jpg,details/C07550.jpg",135
VDL,COVER STAIN HIGH COVER CUSHION (no refill),https://image2.shilladfs.com/files/product2/2026/01/20/672811001454_20260120_15471592_12_672811001454_1.JPG,"details2/C0761.jpg,details/C0762.jpg,details/C0763.jpg,details/C0764.jpg,details/C0765.jpg,details/C0766.jpg,details/C0767.jpg,details/C0768.jpg,details/C0769.jpg,details/C07610.jpg,details/C07611.jpg,details/C07612.jpg,details/C07613.jpg,details/C07614.jpg,details/C07615.jpg,details/C07616.jpg,details/C07617.jpg,details/C07618.jpg,details/C07619.jpg,details/C07620.jpg,details/C07621.jpg,details/C07622.jpg,details/C07623.jpg,details/C07624.jpg,details/C07625.jpg,details/C07626.jpg,details/C07627.jpg,details/C07628.jpg,details/C07629.jpg,details/C07630.jpg,details/C07631.jpg,details/C07632.jpg,details/C07633.jpg,details/C07634.jpg,details/C07635.jpg,details/C07636.jpg,details/C07637.jpg,details/C07638.jpg,details/C07639.jpg,details/C07640.jpg,details/C07641.jpg,details/C07642.jpg,details/C07643.jpg,details/C07644.jpg,details/C07645.jpg,details/C07646.jpg,details/C07647.jpg,details/C07648.jpg,details/C07649.jpg,details/C07650.jpg",150
VDL,COVER STAIN PERFECTING FOUNDATION,https://image1.shilladfs.com/files/product2/2026/01/15/672811001376_20260115_10050152_12_672811001376_1.JPG,"details2/C0771.jpg,details/C0772.jpg,details/C0773.jpg,details/C0774.jpg,details/C0775.jpg,details/C0776.jpg,details/C0777.jpg,details/C0778.jpg,details/C0779.jpg,details/C07710.jpg,details/C07711.jpg,details/C07712.jpg,details/C07713.jpg,details/C07714.jpg,details/C07715.jpg,details/C07716.jpg,details/C07717.jpg,details/C07718.jpg,details/C07719.jpg,details/C07720.jpg,details/C07721.jpg,details/C07722.jpg,details/C07723.jpg,details/C07724.jpg,details/C07725.jpg,details/C07726.jpg,details/C07727.jpg,details/C07728.jpg,details/C07729.jpg,details/C07730.jpg,details/C07731.jpg,details/C07732.jpg,details/C07733.jpg,details/C07734.jpg,details/C07735.jpg,details/C07736.jpg,details/C07737.jpg,details/C07738.jpg,details/C07739.jpg,details/C07740.jpg,details/C07741.jpg,details/C07742.jpg,details/C07743.jpg,details/C07744.jpg,details/C07745.jpg,details/C07746.jpg,details/C07747.jpg,details/C07748.jpg,details/C07749.jpg,details/C07750.jpg",140
VDL,CHEEK STAIN BLUSHER ,https://image1.shilladfs.com/files/product2/2026/01/15/672811001443_20260115_10033371_12_672811001443_1.JPG,"details2/C0781.jpg,details2/C0782.gif,details2/C0783.gif,details2/C0784.jpg,details/C0785.jpg,details/C0786.jpg,details/C0787.jpg,details/C0788.jpg,details/C0789.jpg,details/C07810.jpg,details/C07811.jpg,details/C07812.jpg,details/C07813.jpg,details/C07814.jpg,details/C07815.jpg,details/C07816.jpg,details/C07817.jpg,details/C07818.jpg,details/C07819.jpg,details/C07820.jpg,details/C07821.jpg,details/C07822.jpg,details/C07823.jpg,details/C07824.jpg,details/C07825.jpg,details/C07826.jpg,details/C07827.jpg,details/C07828.jpg,details/C07829.jpg,details/C07830.jpg,details/C07831.jpg,details/C07832.jpg,details/C07833.jpg,details/C07834.jpg,details/C07835.jpg,details/C07836.jpg,details/C07837.jpg,details/C07838.jpg,details/C07839.jpg,details/C07840.jpg,details/C07841.jpg,details/C07842.jpg,details/C07843.jpg,details/C07844.jpg,details/C07845.jpg,details/C07846.jpg,details/C07847.jpg,details/C07848.jpg,details/C07849.jpg,details/C07850.jpg",99
VDL,PERFECTING SUN BASE TONE UP 40ML,https://image1.shilladfs.com/files/product2/2026/01/15/672810000134_20260115_10055727_12_672810000134_1.JPG,"details2/C0791.jpg,details/C0792.jpg,details/C0793.jpg,details/C0794.jpg,details/C0795.jpg,details/C0796.jpg,details/C0797.jpg,details/C0798.jpg,details/C0799.jpg,details/C07910.jpg,details/C07911.jpg,details/C07912.jpg,details/C07913.jpg,details/C07914.jpg,details/C07915.jpg,details/C07916.jpg,details/C07917.jpg,details/C07918.jpg,details/C07919.jpg,details/C07920.jpg,details/C07921.jpg,details/C07922.jpg,details/C07923.jpg,details/C07924.jpg,details/C07925.jpg,details/C07926.jpg,details/C07927.jpg,details/C07928.jpg,details/C07929.jpg,details/C07930.jpg,details/C07931.jpg,details/C07932.jpg,details/C07933.jpg,details/C07934.jpg,details/C07935.jpg,details/C07936.jpg,details/C07937.jpg,details/C07938.jpg,details/C07939.jpg,details/C07940.jpg,details/C07941.jpg,details/C07942.jpg,details/C07943.jpg,details/C07944.jpg,details/C07945.jpg,details/C07946.jpg,details/C07947.jpg,details/C07948.jpg,details/C07949.jpg,details/C07950.jpg",110
VDL,COVER STAIN PERFECTING CONCEALER ,https://image2.shilladfs.com/files/product2/2026/01/27/672811001459_20260127_17402655_12_672811001459_6.JPG,"details/C0801.jpg,details/C0802.jpg,details/C0803.jpg,details/C0804.jpg,details/C0805.jpg,details/C0806.jpg,details/C0807.jpg,details/C0808.jpg,details/C0809.jpg,details/C08010.jpg,details/C08011.jpg,details/C08012.jpg,details/C08013.jpg,details/C08014.jpg,details/C08015.jpg,details/C08016.jpg,details/C08017.jpg,details/C08018.jpg,details/C08019.jpg,details/C08020.jpg,details/C08021.jpg,details/C08022.jpg,details/C08023.jpg,details/C08024.jpg,details/C08025.jpg,details/C08026.jpg,details/C08027.jpg,details/C08028.jpg,details/C08029.jpg,details/C08030.jpg,details/C08031.jpg,details/C08032.jpg,details/C08033.jpg,details/C08034.jpg,details/C08035.jpg,details/C08036.jpg,details/C08037.jpg,details/C08038.jpg,details/C08039.jpg,details/C08040.jpg,details/C08041.jpg,details/C08042.jpg,details/C08043.jpg,details/C08044.jpg,details/C08045.jpg,details/C08046.jpg,details/C08047.jpg,details/C08048.jpg,details/C08049.jpg,details/C08050.jpg",65
VDL,PERFECTING SUN BASE WATERY 40ML,https://image2.shilladfs.com/files/product2/2026/01/15/672810000133_20260115_10062610_12_672810000133_1.JPG,"details2/C0811.jpg,details/C0812.jpg,details/C0813.jpg,details/C0814.jpg,details/C0815.jpg,details/C0816.jpg,details/C0817.jpg,details/C0818.jpg,details/C0819.jpg,details/C08110.jpg,details/C08111.jpg,details/C08112.jpg,details/C08113.jpg,details/C08114.jpg,details/C08115.jpg,details/C08116.jpg,details/C08117.jpg,details/C08118.jpg,details/C08119.jpg,details/C08120.jpg,details/C08121.jpg,details/C08122.jpg,details/C08123.jpg,details/C08124.jpg,details/C08125.jpg,details/C08126.jpg,details/C08127.jpg,details/C08128.jpg,details/C08129.jpg,details/C08130.jpg,details/C08131.jpg,details/C08132.jpg,details/C08133.jpg,details/C08134.jpg,details/C08135.jpg,details/C08136.jpg,details/C08137.jpg,details/C08138.jpg,details/C08139.jpg,details/C08140.jpg,details/C08141.jpg,details/C08142.jpg,details/C08143.jpg,details/C08144.jpg,details/C08145.jpg,details/C08146.jpg,details/C08147.jpg,details/C08148.jpg,details/C08149.jpg,details/C08150.jpg",110
VDL,CHEEKSTAIN LIQUID BLUSHER 0,https://image2.shilladfs.com/files/product2/2026/04/13/672811001465_20260413_10125155_12_672811001465_1.JPG,"details2/C0821.jpg,details2/C0822.jpg,details2/C0823.jpg,details2/C0824.jpg,details2/C0825.jpg,details2/C0826.jpg,details2/C0827.jpg,details2/C0828.gif,details2/C0829.jpg,details/C08210.jpg,details/C08211.jpg,details/C08212.jpg,details/C08213.jpg,details/C08214.jpg,details/C08215.jpg,details/C08216.jpg,details/C08217.jpg,details/C08218.jpg,details/C08219.jpg,details/C08220.jpg,details/C08221.jpg,details/C08222.jpg,details/C08223.jpg,details/C08224.jpg,details/C08225.jpg,details/C08226.jpg,details/C08227.jpg,details/C08228.jpg,details/C08229.jpg,details/C08230.jpg,details/C08231.jpg,details/C08232.jpg,details/C08233.jpg,details/C08234.jpg,details/C08235.jpg,details/C08236.jpg,details/C08237.jpg,details/C08238.jpg,details/C08239.jpg,details/C08240.jpg,details/C08241.jpg,details/C08242.jpg,details/C08243.jpg,details/C08244.jpg,details/C08245.jpg,details/C08246.jpg,details/C08247.jpg,details/C08248.jpg,details/C08249.jpg,details/C08250.jpg",80
VDL,EXPERT FIT FOUNDATION ,https://image2.shilladfs.com/files/product2/2026/01/15/672811001414_20260115_09573547_12_672811001414_1.JPG,"details2/C0831.jpg,details/C0832.jpg,details/C0833.jpg,details/C0834.jpg,details/C0835.jpg,details/C0836.jpg,details/C0837.jpg,details/C0838.jpg,details/C0839.jpg,details/C08310.jpg,details/C08311.jpg,details/C08312.jpg,details/C08313.jpg,details/C08314.jpg,details/C08315.jpg,details/C08316.jpg,details/C08317.jpg,details/C08318.jpg,details/C08319.jpg,details/C08320.jpg,details/C08321.jpg,details/C08322.jpg,details/C08323.jpg,details/C08324.jpg,details/C08325.jpg,details/C08326.jpg,details/C08327.jpg,details/C08328.jpg,details/C08329.jpg,details/C08330.jpg,details/C08331.jpg,details/C08332.jpg,details/C08333.jpg,details/C08334.jpg,details/C08335.jpg,details/C08336.jpg,details/C08337.jpg,details/C08338.jpg,details/C08339.jpg,details/C08340.jpg,details/C08341.jpg,details/C08342.jpg,details/C08343.jpg,details/C08344.jpg,details/C08345.jpg,details/C08346.jpg,details/C08347.jpg,details/C08348.jpg,details/C08349.jpg,details/C08350.jpg",165
VDL,TONE STAIN COLOR CORRECTING CUSHION SERENITY,https://image1.shilladfs.com/files/product2/2026/01/20/672811001425_20260120_15474431_12_672811001425_1.JPG,"details2/C0841.jpg,details2/C0842.jpg,details/C0843.jpg,details/C0844.jpg,details/C0845.jpg,details/C0846.jpg,details/C0847.jpg,details/C0848.jpg,details/C0849.jpg,details/C08410.jpg,details/C08411.jpg,details/C08412.jpg,details/C08413.jpg,details/C08414.jpg,details/C08415.jpg,details/C08416.jpg,details/C08417.jpg,details/C08418.jpg,details/C08419.jpg,details/C08420.jpg,details/C08421.jpg,details/C08422.jpg,details/C08423.jpg,details/C08424.jpg,details/C08425.jpg,details/C08426.jpg,details/C08427.jpg,details/C08428.jpg,details/C08429.jpg,details/C08430.jpg,details/C08431.jpg,details/C08432.jpg,details/C08433.jpg,details/C08434.jpg,details/C08435.jpg,details/C08436.jpg,details/C08437.jpg,details/C08438.jpg,details/C08439.jpg,details/C08440.jpg,details/C08441.jpg,details/C08442.jpg,details/C08443.jpg,details/C08444.jpg,details/C08445.jpg,details/C08446.jpg,details/C08447.jpg,details/C08448.jpg,details/C08449.jpg,details/C08450.jpg",125
VDL,STAIN PERFECTING CUSHION (no refill),https://image2.shilladfs.com/files/product2/2026/01/15/672811001392_20260115_10030646_12_672811001392_1.JPG,"details2/C0851.jpg,details/C0852.jpg,details/C0853.jpg,details/C0854.jpg,details/C0855.jpg,details/C0856.jpg,details/C0857.jpg,details/C0858.jpg,details/C0859.jpg,details/C08510.jpg,details/C08511.jpg,details/C08512.jpg,details/C08513.jpg,details/C08514.jpg,details/C08515.jpg,details/C08516.jpg,details/C08517.jpg,details/C08518.jpg,details/C08519.jpg,details/C08520.jpg,details/C08521.jpg,details/C08522.jpg,details/C08523.jpg,details/C08524.jpg,details/C08525.jpg,details/C08526.jpg,details/C08527.jpg,details/C08528.jpg,details/C08529.jpg,details/C08530.jpg,details/C08531.jpg,details/C08532.jpg,details/C08533.jpg,details/C08534.jpg,details/C08535.jpg,details/C08536.jpg,details/C08537.jpg,details/C08538.jpg,details/C08539.jpg,details/C08540.jpg,details/C08541.jpg,details/C08542.jpg,details/C08543.jpg,details/C08544.jpg,details/C08545.jpg,details/C08546.jpg,details/C08547.jpg,details/C08548.jpg,details/C08549.jpg,details/C08550.jpg",150
YUNJAC,SKIN PERFECTING PROTECTIVE BASE PREP,https://image1.shilladfs.com/files/product2/2026/04/29/782211000020_20260429_14101701_07_782211000020_1.JPG,"details2/C0861.jpg,details/C0862.jpg,details/C0863.jpg,details/C0864.jpg,details/C0865.jpg,details/C0866.jpg,details/C0867.jpg,details/C0868.jpg,details/C0869.jpg,details/C08610.jpg,details/C08611.jpg,details/C08612.jpg,details/C08613.jpg,details/C08614.jpg,details/C08615.jpg,details/C08616.jpg,details/C08617.jpg,details/C08618.jpg,details/C08619.jpg,details/C08620.jpg,details/C08621.jpg,details/C08622.jpg,details/C08623.jpg,details/C08624.jpg,details/C08625.jpg,details/C08626.jpg,details/C08627.jpg,details/C08628.jpg,details/C08629.jpg,details/C08630.jpg,details/C08631.jpg,details/C08632.jpg,details/C08633.jpg,details/C08634.jpg,details/C08635.jpg,details/C08636.jpg,details/C08637.jpg,details/C08638.jpg,details/C08639.jpg,details/C08640.jpg,details/C08641.jpg,details/C08642.jpg,details/C08643.jpg,details/C08644.jpg,details/C08645.jpg,details/C08646.jpg,details/C08647.jpg,details/C08648.jpg,details/C08649.jpg,details/C08650.jpg",195
YUNJAC,SKIN PERFECTING PROTECTIVE BASE PREP SILENT VELVET 25ml,https://static.lottedfs.cn/prod/prd-img/20/76/41/01/00/02/20001417620_2.webp/dims/resize/400x400,"details2/C0871.jpg,details2/C0872.jpg,details2/C0873.jpg,details2/C0874.jpg,details2/C0875.jpg,details2/C0876.jpg,details/C0877.jpg,details/C0878.jpg,details/C0879.jpg,details/C08710.jpg,details/C08711.jpg,details/C08712.jpg,details/C08713.jpg,details/C08714.jpg,details/C08715.jpg,details/C08716.jpg,details/C08717.jpg,details/C08718.jpg,details/C08719.jpg,details/C08720.jpg,details/C08721.jpg,details/C08722.jpg,details/C08723.jpg,details/C08724.jpg,details/C08725.jpg,details/C08726.jpg,details/C08727.jpg,details/C08728.jpg,details/C08729.jpg,details/C08730.jpg,details/C08731.jpg,details/C08732.jpg,details/C08733.jpg,details/C08734.jpg,details/C08735.jpg,details/C08736.jpg,details/C08737.jpg,details/C08738.jpg,details/C08739.jpg,details/C08740.jpg,details/C08741.jpg,details/C08742.jpg,details/C08743.jpg,details/C08744.jpg,details/C08745.jpg,details/C08746.jpg,details/C08747.jpg,details/C08748.jpg,details/C08749.jpg,details/C08750.jpg",180
YUNJAC,SKIN PERFECTING PROTECTIVE BASE PREP PEARL ECHO 25ml,https://static.lottedfs.cn/prod/prd-img/21/76/41/01/00/02/20001417621_2.webp/dims/resize/460x460,"details2/C0881.jpg,details2/C0882.jpg,details2/C0883.jpg,details2/C0884.jpg,details2/C0885.jpg,details2/C0886.jpg,details2/C0887.jpg,details2/C0888.jpg,details2/C0889.jpg,details/C08810.jpg,details/C08811.jpg,details/C08812.jpg,details/C08813.jpg,details/C08814.jpg,details/C08815.jpg,details/C08816.jpg,details/C08817.jpg,details/C08818.jpg,details/C08819.jpg,details/C08820.jpg,details/C08821.jpg,details/C08822.jpg,details/C08823.jpg,details/C08824.jpg,details/C08825.jpg,details/C08826.jpg,details/C08827.jpg,details/C08828.jpg,details/C08829.jpg,details/C08830.jpg,details/C08831.jpg,details/C08832.jpg,details/C08833.jpg,details/C08834.jpg,details/C08835.jpg,details/C08836.jpg,details/C08837.jpg,details/C08838.jpg,details/C08839.jpg,details/C08840.jpg,details/C08841.jpg,details/C08842.jpg,details/C08843.jpg,details/C08844.jpg,details/C08845.jpg,details/C08846.jpg,details/C08847.jpg,details/C08848.jpg,details/C08849.jpg,details/C08850.jpg",180
YUNJAC,SKIN PERFECTING GLOW UP PREP WATER 50 ML,https://static.lottedfs.cn/prod/prd-img/77/08/28/01/00/02/20001280877_2.jpg/dims/resize/400x400,"details2/C0891.jpg,details/C0892.jpg,details/C0893.jpg,details/C0894.jpg,details/C0895.jpg,details/C0896.jpg,details/C0897.jpg,details/C0898.jpg,details/C0899.jpg,details/C08910.jpg,details/C08911.jpg,details/C08912.jpg,details/C08913.jpg,details/C08914.jpg,details/C08915.jpg,details/C08916.jpg,details/C08917.jpg,details/C08918.jpg,details/C08919.jpg,details/C08920.jpg,details/C08921.jpg,details/C08922.jpg,details/C08923.jpg,details/C08924.jpg,details/C08925.jpg,details/C08926.jpg,details/C08927.jpg,details/C08928.jpg,details/C08929.jpg,details/C08930.jpg,details/C08931.jpg,details/C08932.jpg,details/C08933.jpg,details/C08934.jpg,details/C08935.jpg,details/C08936.jpg,details/C08937.jpg,details/C08938.jpg,details/C08939.jpg,details/C08940.jpg,details/C08941.jpg,details/C08942.jpg,details/C08943.jpg,details/C08944.jpg,details/C08945.jpg,details/C08946.jpg,details/C08947.jpg,details/C08948.jpg,details/C08949.jpg,details/C08950.jpg",195
YUNJAC,SKIN PERFECTING PREP SUN SERUM 55ml,https://static.lottedfs.cn/prod/prd-img/33/41/42/01/00/02/20001424133_1.webp/dims/resize/400x400,"details2/C0901.jpg,details2/C0902.jpg,details2/C0903.jpg,details2/C0904.jpg,details2/C0905.jpg,details2/C0906.jpg,details/C0907.jpg,details/C0908.jpg,details/C0909.jpg,details/C09010.jpg,details/C09011.jpg,details/C09012.jpg,details/C09013.jpg,details/C09014.jpg,details/C09015.jpg,details/C09016.jpg,details/C09017.jpg,details/C09018.jpg,details/C09019.jpg,details/C09020.jpg,details/C09021.jpg,details/C09022.jpg,details/C09023.jpg,details/C09024.jpg,details/C09025.jpg,details/C09026.jpg,details/C09027.jpg,details/C09028.jpg,details/C09029.jpg,details/C09030.jpg,details/C09031.jpg,details/C09032.jpg,details/C09033.jpg,details/C09034.jpg,details/C09035.jpg,details/C09036.jpg,details/C09037.jpg,details/C09038.jpg,details/C09039.jpg,details/C09040.jpg,details/C09041.jpg,details/C09042.jpg,details/C09043.jpg,details/C09044.jpg,details/C09045.jpg,details/C09046.jpg,details/C09047.jpg,details/C09048.jpg,details/C09049.jpg,details/C09050.jpg",180
YUNJAC,CALMING AND COMFORTING AMPOULE 75ml,https://static.lottedfs.cn/prod/prd-img/07/11/93/00/00/02/20000931107_2.jpg/dims/resize/400x400,"details/C0911.webp,details/C0912.jpg,details/C0913.webp,details/C0914.jpg,details/C0915.webp,details/C0916.jpg,details/C0917.webp,details/C0918.jpg,details/C0919.webp,details/C09110.jpg,details/C09111.webp,details/C09112.jpg,details/C09113.webp,details/C09114.jpg,details/C09115.webp,details/C09116.jpg,details/C09117.webp,details/C09118.jpg",290
YUNJAC,BRIGHTENING AMPOULE 30ml,https://static.lottedfs.cn/prod/prd-img/91/21/16/01/00/02/20001162191_2.jpg/dims/resize/400x400,"details2/C0921.jpg,details/C0922.jpg,details/C0923.jpg,details/C0924.jpg,details/C0925.jpg,details/C0926.jpg,details/C0927.jpg,details/C0928.jpg,details/C0929.jpg,details/C09210.jpg,details/C09211.jpg,details/C09212.jpg,details/C09213.jpg,details/C09214.jpg,details/C09215.jpg,details/C09216.jpg,details/C09217.jpg,details/C09218.jpg,details/C09219.jpg,details/C09220.jpg,details/C09221.jpg,details/C09222.jpg,details/C09223.jpg,details/C09224.jpg,details/C09225.jpg,details/C09226.jpg,details/C09227.jpg,details/C09228.jpg,details/C09229.jpg,details/C09230.jpg,details/C09231.jpg,details/C09232.jpg,details/C09233.jpg,details/C09234.jpg,details/C09235.jpg,details/C09236.jpg,details/C09237.jpg,details/C09238.jpg,details/C09239.jpg,details/C09240.jpg,details/C09241.jpg,details/C09242.jpg,details/C09243.jpg,details/C09244.jpg,details/C09245.jpg,details/C09246.jpg,details/C09247.jpg,details/C09248.jpg,details/C09249.jpg,details/C09250.jpg",440
TOOQ,SATIN DOHWA BALM ,https://static.lottedfs.cn/prod/prd-img/86/27/35/01/00/02/20001352786_2.jpg/dims/resize/460x460,"details2/C0931.jpg,details2/C0932.jpg,details/C0933.jpg,details/C0934.jpg,details/C0935.jpg,details/C0936.jpg,details/C0937.jpg,details/C0938.jpg,details/C0939.jpg,details/C09310.jpg,details/C09311.jpg,details/C09312.jpg,details/C09313.jpg,details/C09314.jpg,details/C09315.jpg,details/C09316.jpg,details/C09317.jpg,details/C09318.jpg,details/C09319.jpg,details/C09320.jpg,details/C09321.jpg,details/C09322.jpg,details/C09323.jpg,details/C09324.jpg,details/C09325.jpg,details/C09326.jpg,details/C09327.jpg,details/C09328.jpg,details/C09329.jpg,details/C09330.jpg,details/C09331.jpg,details/C09332.jpg,details/C09333.jpg,details/C09334.jpg,details/C09335.jpg,details/C09336.jpg,details/C09337.jpg,details/C09338.jpg,details/C09339.jpg,details/C09340.jpg,details/C09341.jpg,details/C09342.jpg,details/C09343.jpg,details/C09344.jpg,details/C09345.jpg,details/C09346.jpg,details/C09347.jpg,details/C09348.jpg,details/C09349.jpg,details/C09350.jpg",99
TOOQ,WITHOUT MIRROR LIP TINT,https://static.lottedfs.cn/prod/prd-img/49/14/32/01/00/02/20001321449_2.jpg/dims/resize/460x460,"details2/C0941.jpg,details/C0942.jpg,details/C0943.jpg,details/C0944.jpg,details/C0945.jpg,details/C0946.jpg,details/C0947.jpg,details/C0948.jpg,details/C0949.jpg,details/C09410.jpg,details/C09411.jpg,details/C09412.jpg,details/C09413.jpg,details/C09414.jpg,details/C09415.jpg,details/C09416.jpg,details/C09417.jpg,details/C09418.jpg,details/C09419.jpg,details/C09420.jpg,details/C09421.jpg,details/C09422.jpg,details/C09423.jpg,details/C09424.jpg,details/C09425.jpg,details/C09426.jpg,details/C09427.jpg,details/C09428.jpg,details/C09429.jpg,details/C09430.jpg,details/C09431.jpg,details/C09432.jpg,details/C09433.jpg,details/C09434.jpg,details/C09435.jpg,details/C09436.jpg,details/C09437.jpg,details/C09438.jpg,details/C09439.jpg,details/C09440.jpg,details/C09441.jpg,details/C09442.jpg,details/C09443.jpg,details/C09444.jpg,details/C09445.jpg,details/C09446.jpg,details/C09447.jpg,details/C09448.jpg,details/C09449.jpg,details/C09450.jpg",95
TOOQ,NEW CLASSIC VELVET LIP TINT,https://static.lottedfs.cn/prod/prd-img/91/11/32/01/00/02/20001321191_2.jpg/dims/resize/460x460,"details/C09501.webp,details/C09502.jpg,details/C09503.webp,details/C09504.jpg,details/C09505.webp,details/C09506.jpg,details/C09507.webp,details/C09508.jpg,details/C09509.webp,details/C09510.jpg,details/C09511.webp,details/C09512.jpg,details/C09513.webp,details/C09514.jpg,details/C09515.webp,details/C09516.jpg,details/C09517.webp,details/C09518.jpg,details/C09519.webp,details/C09520.jpg,details/C09521.webp,details/C09522.jpg,details/C09523.webp,details/C09524.jpg,details/C09525.webp,details/C09526.jpg,details/C09527.webp,details/C09528.jpg,details/C09529.webp,details/C09530.jpg,details/C09531.webp,details/C09532.jpg,details/C09533.webp,details/C09534.jpg,details/C09535.webp,details/C09536.jpg,details/C09537.webp,details/C09538.jpg,details/C09539.webp,details/C09540.jpg,details/C09541.webp,details/C09542.jpg,details/C09543.webp,details/C09544.jpg,details/C09545.webp,details/C09546.jpg,details/C09547.webp,details/C09548.jpg,details/C09549.webp,details/C09550.jpg",95
TOOQ,ROUGH BUT PRO LIP PENCIL,https://static.lottedfs.cn/prod/prd-img/59/12/32/01/00/02/20001321259_2.jpg/dims/resize/460x460,"details/C0961.jpg,details/C0962.jpg,details/C0963.jpg,details/C0964.jpg,details/C0965.jpg,details/C0966.jpg,details/C0967.jpg,details/C0968.jpg,details/C0969.jpg,details/C09610.jpg,details/C09611.jpg,details/C09612.jpg,details/C09613.jpg,details/C09614.jpg,details/C09615.jpg,details/C09616.jpg,details/C09617.jpg,details/C09618.jpg,details/C09619.jpg,details/C09620.jpg,details/C09621.jpg,details/C09622.jpg,details/C09623.jpg,details/C09624.jpg,details/C09625.jpg,details/C09626.jpg,details/C09627.jpg,details/C09628.jpg,details/C09629.jpg,details/C09630.jpg,details/C09631.jpg,details/C09632.jpg,details/C09633.jpg,details/C09634.jpg,details/C09635.jpg,details/C09636.jpg,details/C09637.jpg,details/C09638.jpg,details/C09639.jpg,details/C09640.jpg,details/C09641.jpg,details/C09642.jpg,details/C09643.jpg,details/C09644.jpg,details/C09645.jpg,details/C09646.jpg,details/C09647.jpg,details/C09648.jpg,details/C09649.jpg,details/C09650.jpg",85
TOOQ,RETURN TO BEBE LIPBALM ,https://static.lottedfs.cn/prod/prd-img/77/15/32/01/00/02/20001321577_2.jpg/dims/resize/460x460,"details/C0971.jpg,details/C0972.jpg,details/C0973.jpg,details/C0974.jpg,details/C0975.jpg,details/C0976.jpg,details/C0977.jpg,details/C0978.jpg,details/C0979.jpg,details/C09710.jpg,details/C09711.jpg,details/C09712.jpg,details/C09713.jpg,details/C09714.jpg,details/C09715.jpg,details/C09716.jpg,details/C09717.jpg,details/C09718.jpg,details/C09719.jpg,details/C09720.jpg,details/C09721.jpg,details/C09722.jpg,details/C09723.jpg,details/C09724.jpg,details/C09725.jpg,details/C09726.jpg,details/C09727.jpg,details/C09728.jpg,details/C09729.jpg,details/C09730.jpg,details/C09731.jpg,details/C09732.jpg,details/C09733.jpg,details/C09734.jpg,details/C09735.jpg,details/C09736.jpg,details/C09737.jpg,details/C09738.jpg,details/C09739.jpg,details/C09740.jpg,details/C09741.jpg,details/C09742.jpg,details/C09743.jpg,details/C09744.jpg,details/C09745.jpg,details/C09746.jpg,details/C09747.jpg,details/C09748.jpg,details/C09749.jpg,details/C09750.jpg",145
TOOQ,GENTLE KISS GLOW TINT,https://static.lottedfs.cn/prod/prd-img/98/14/32/01/00/02/20001321498_2.jpg/dims/resize/460x460,"details/C0981.jpg,details/C0982.jpg,details/C0983.jpg,details/C0984.jpg,details/C0985.jpg,details/C0986.jpg,details/C0987.jpg,details/C0988.jpg,details/C0989.jpg,details/C09810.jpg,details/C09811.jpg,details/C09812.jpg,details/C09813.jpg,details/C09814.jpg,details/C09815.jpg,details/C09816.jpg,details/C09817.jpg,details/C09818.jpg,details/C09819.jpg,details/C09820.jpg,details/C09821.jpg,details/C09822.jpg,details/C09823.jpg,details/C09824.jpg,details/C09825.jpg,details/C09826.jpg,details/C09827.jpg,details/C09828.jpg,details/C09829.jpg,details/C09830.jpg,details/C09831.jpg,details/C09832.jpg,details/C09833.jpg,details/C09834.jpg,details/C09835.jpg,details/C09836.jpg,details/C09837.jpg,details/C09838.jpg,details/C09839.jpg,details/C09840.jpg,details/C09841.jpg,details/C09842.jpg,details/C09843.jpg,details/C09844.jpg,details/C09845.jpg,details/C09846.jpg,details/C09847.jpg,details/C09848.jpg,details/C09849.jpg,details/C09850.jpg",99
TOOQ,Transparent Recover BB Cream Recover Green,https://image1.shilladfs.com/files/product2/2026/01/09/949611000112_20260109_16444937_12_949611000112_1.JPG,"details/C0991.jpg,details/C0992.jpg,details/C0993.jpg,details/C0994.jpg,details/C0995.jpg,details/C0996.jpg,details/C0997.jpg,details/C0998.jpg,details/C0999.jpg,details/C09910.jpg,details/C09911.jpg,details/C09912.jpg,details/C09913.jpg,details/C09914.jpg,details/C09915.jpg,details/C09916.jpg,details/C09917.jpg,details/C09918.jpg,details/C09919.jpg,details/C09920.jpg,details/C09921.jpg,details/C09922.jpg,details/C09923.jpg,details/C09924.jpg,details/C09925.jpg,details/C09926.jpg,details/C09927.jpg,details/C09928.jpg,details/C09929.jpg,details/C09930.jpg,details/C09931.jpg,details/C09932.jpg,details/C09933.jpg,details/C09934.jpg,details/C09935.jpg,details/C09936.jpg,details/C09937.jpg,details/C09938.jpg,details/C09939.jpg,details/C09940.jpg,details/C09941.jpg,details/C09942.jpg,details/C09943.jpg,details/C09944.jpg,details/C09945.jpg,details/C09946.jpg,details/C09947.jpg,details/C09948.jpg,details/C09949.jpg,details/C09950.jpg",170
ROMAND,GLASTING COLOR GLOSS,https://image1.shilladfs.com/files/product2/2025/02/06/757611001764_20250206_12123032_07_757611001764_2.JPG,"details2/C1001.jpg,details2/C1002.jpg,details2/C1003.jpg,details2/C1004.jpg,details2/C1005.jpg,details2/C1006.jpg,details2/C1007.jpg,details2/C1008.jpg,details2/C1009.jpg,details2/C10010.jpg,details2/C10011.jpg,details2/C10012.jpg,details2/C10013.jpg,details2/C10014.jpg,details2/C10015.jpg,details2/C10016.jpg,details2/C10017.jpg,details2/C10018.jpg,details2/C10019.jpg,details2/C10020.jpg,details2/C10021.jpg,details2/C10022.jpg,details2/C10023.jpg,details2/C10024.jpg,details2/C10025.jpg,details2/C10026.jpg,details2/C10027.jpg,details2/C10028.jpg,details2/C10029.jpg,details2/C10030.jpg,details2/C10031.jpg,details2/C10032.jpg,details2/C10033.jpg,details2/C10034.jpg,details2/C10035.jpg,details2/C10036.jpg,details2/C10037.jpg,details2/C10038.jpg,details2/C10039.jpg,details2/C10040.jpg,details2/C10041.jpg,details2/C10042.jpg,details2/C10043.jpg,details2/C10044.jpg,details2/C10045.jpg,details2/C10046.jpg,details2/C10047.jpg,details2/C10048.jpg,details2/C10049.jpg,details2/C10050.jpg",65
ROMAND,GLASTING MELTING BALM,https://image1.shilladfs.com/files/product2/2025/02/06/757611001545_20250206_12120652_07_757611001545_4.JPG,"details/C1011.webp,details/C1012.webp,details/C1013.webp,details/C1014.webp,details/C1015.webp,details/C1016.webp,details/C1017.webp,details/C1018.webp,details/C1019.webp,details/C10110.webp",65
ROMAND,Better Than Palette,https://www.shilladfs.com/estore/kr/en/p/5002023,"details2/C1021.jpg,details2/C1022.jpg,details2/C1023.jpg,details2/C1024.jpg,details2/C1025.jpg,details2/C1026.jpg,details2/C1027.jpg,details2/C1028.jpg,details2/C1029.jpg,details2/C10210.jpg,details2/C10211.jpg,details2/C10212.jpg,details2/C10213.jpg,details2/C10214.jpg,details2/C10215.jpg,details2/C10216.jpg,details2/C10217.jpg,details2/C10218.jpg,details2/C10219.jpg,details2/C10220.jpg,details2/C10221.jpg,details2/C10222.jpg,details2/C10223.jpg,details2/C10224.jpg,details2/C10225.jpg,details2/C10226.jpg,details2/C10227.jpg,details2/C10228.jpg,details2/C10229.jpg,details2/C10230.jpg,details2/C10231.jpg,details2/C10232.jpg,details2/C10233.jpg,details2/C10234.jpg,details2/C10235.jpg,details2/C10236.jpg,details2/C10237.jpg,details2/C10238.jpg,details2/C10239.jpg,details2/C10240.jpg,details2/C10241.jpg,details2/C10242.jpg,details2/C10243.jpg,details2/C10244.jpg,details2/C10245.jpg,details2/C10246.jpg,details2/C10247.jpg,details2/C10248.jpg,details2/C10249.jpg,details2/C10250.jpg",135
ROMAND,BETTER THAN CONTOUR,https://image1.shilladfs.com/files/product2/2024/09/03/757611001779_20240903_10074511_12_757611001779_1.JPG,"details2/C1031.jpg,details2/C1032.jpg,details2/C1033.jpg,details2/C1034.jpg,details2/C1035.jpg,details2/C1036.jpg,details2/C1037.jpg,details2/C1038.jpg,details2/C1039.jpg,details2/C10310.jpg,details2/C10311.jpg,details2/C10312.jpg,details2/C10313.jpg,details2/C10314.jpg,details2/C10315.jpg,details2/C10316.jpg,details2/C10317.jpg,details2/C10318.jpg,details2/C10319.jpg,details2/C10320.jpg,details2/C10321.jpg,details2/C10322.jpg,details2/C10323.jpg,details2/C10324.jpg,details2/C10325.jpg,details2/C10326.jpg,details2/C10327.jpg,details2/C10328.jpg,details2/C10329.jpg,details2/C10330.jpg,details2/C10331.jpg,details2/C10332.jpg,details2/C10333.jpg,details2/C10334.jpg,details2/C10335.jpg,details2/C10336.jpg,details2/C10337.jpg,details2/C10338.jpg,details2/C10339.jpg,details2/C10340.jpg,details2/C10341.jpg,details2/C10342.jpg,details2/C10343.jpg,details2/C10344.jpg,details2/C10345.jpg,details2/C10346.jpg,details2/C10347.jpg,details2/C10348.jpg,details2/C10349.jpg,details2/C10350.jpg",110
ROMAND,ROM&ND COLOR LIP MATTE,https://static.lottedfs.cn/prod/prd-img/70/85/31/01/00/02/20001318570_2.jpg/dims/resize/460x460,"details2/C1041.jpg,details2/C1042.jpg,details2/C1043.jpg,details2/C1044.jpg,details2/C1045.jpg,details2/C1046.jpg,details2/C1047.jpg,details2/C1048.jpg,details2/C1049.jpg,details2/C10410.jpg,details2/C10411.jpg,details2/C10412.jpg,details2/C10413.jpg,details2/C10414.jpg,details2/C10415.jpg,details2/C10416.jpg,details2/C10417.jpg,details2/C10418.jpg,details2/C10419.jpg,details2/C10420.jpg,details2/C10421.jpg,details2/C10422.jpg,details2/C10423.jpg,details2/C10424.jpg,details2/C10425.jpg,details2/C10426.jpg,details2/C10427.jpg,details2/C10428.jpg,details2/C10429.jpg,details2/C10430.jpg,details2/C10431.jpg,details2/C10432.jpg,details2/C10433.jpg,details2/C10434.jpg,details2/C10435.jpg,details2/C10436.jpg,details2/C10437.jpg,details2/C10438.jpg,details2/C10439.jpg,details2/C10440.jpg,details2/C10441.jpg,details2/C10442.jpg,details2/C10443.jpg,details2/C10444.jpg,details2/C10445.jpg,details2/C10446.jpg,details2/C10447.jpg,details2/C10448.jpg,details2/C10449.jpg,details2/C10450.jpg",65
ROMAND,DEWYFUL WATER TINT 染唇液,https://static.lottedfs.cn/prod/prd-img/32/18/00/01/00/02/20001001832_4.jpg/dims/resize/460x460,"details/C1051.webp,details/C1052.webp,details/C1053.webp,details/C1054.webp,details/C1055.webp,details/C1056.webp,details/C1057.webp,details/C1058.webp,details/C1059.webp,details/C10510.webp",62
ROMAND,THE JUICY LASTING TINT,https://image2.shilladfs.com/files/product2/2025/05/16/757611001790_20250516_11252080_12_757611001790_1.JPG,"details2/C1061.jpg,details2/C1062.jpg,details2/C1063.jpg,details2/C1064.jpg,details2/C1065.jpg,details2/C1066.jpg,details2/C1067.jpg,details2/C1068.jpg,details2/C1069.jpg,details2/C10610.jpg,details2/C10611.jpg,details2/C10612.jpg,details2/C10613.jpg,details2/C10614.jpg,details2/C10615.jpg,details2/C10616.jpg,details2/C10617.jpg,details2/C10618.jpg,details2/C10619.jpg,details2/C10620.jpg,details2/C10621.jpg,details2/C10622.jpg,details2/C10623.jpg,details2/C10624.jpg,details2/C10625.jpg,details2/C10626.jpg,details2/C10627.jpg,details2/C10628.jpg,details2/C10629.jpg,details2/C10630.jpg,details2/C10631.jpg,details2/C10632.jpg,details2/C10633.jpg,details2/C10634.jpg,details2/C10635.jpg,details2/C10636.jpg,details2/C10637.jpg,details2/C10638.jpg,details2/C10639.jpg,details2/C10640.jpg,details2/C10641.jpg,details2/C10642.jpg,details2/C10643.jpg,details2/C10644.jpg,details2/C10645.jpg,details2/C10646.jpg,details2/C10647.jpg,details2/C10648.jpg,details2/C10649.jpg,details2/C10650.jpg",65
ROMAND,BETTER THAN CHEEK,https://static.lottedfs.cn/prod/prd-img/59/48/24/01/00/02/20001244859_2.jpg/dims/resize/460x460,"details/C1071.webp,details/C1072.webp,details/C1073.webp,details/C1074.webp,details/C1075.webp,details/C1076.webp,details/C1077.webp,details/C1078.webp,details/C1079.webp,details/C10710.webp",59
ROMAND,HAN ALL BROW CARA,https://image2.shilladfs.com/files/product2/2024/02/19/757611001704_20240219_16400633_12_757611001704_1.JPG,"details/C1081.webp,details/C1082.webp,details/C1083.webp,details/C1084.webp,details/C1085.webp,details/C1086.webp,details/C1087.webp,details/C1088.webp,details/C1089.webp,details/C10810.webp",55
ROMAND,BETTER THAN EYES 6.5g,https://image2.shilladfs.com/files/product2/2024/02/19/757611001704_20240219_16400633_12_757611001704_1.JPG,"details2/C1091.jpg,details2/C1092.jpg,details2/C1093.jpg,details2/C1094.jpg,details2/C1095.jpg,details2/C1096.gif,details2/C1097.jpg,details2/C1098.jpg,details2/C1099.jpg,details2/C10910.jpg,details2/C10911.jpg,details2/C10912.jpg,details2/C10913.jpg,details2/C10914.jpg,details2/C10915.jpg,details2/C10916.jpg,details2/C10917.jpg,details2/C10918.jpg,details2/C10919.jpg,details2/C10920.jpg,details2/C10921.jpg,details2/C10922.jpg,details2/C10923.jpg,details2/C10924.jpg,details2/C10925.jpg,details2/C10926.jpg,details2/C10927.jpg,details2/C10928.jpg,details2/C10929.jpg,details2/C10930.jpg,details2/C10931.jpg,details2/C10932.jpg,details2/C10933.jpg,details2/C10934.jpg,details2/C10935.jpg,details2/C10936.jpg,details2/C10937.jpg,details2/C10938.jpg,details2/C10939.jpg,details2/C10940.jpg,details2/C10941.jpg,details2/C10942.jpg,details2/C10943.jpg,details2/C10944.jpg,details2/C10945.jpg,details2/C10946.jpg,details2/C10947.jpg,details2/C10948.jpg,details2/C10949.jpg,details2/C10950.jpg",75
ROMAND,THE JUICY LASTING TINT MINI,https://image1.shilladfs.com/files/product2/2025/09/02/757611001827_20250902_14461515_12_757611001827_1.JPG,"details2/C1101.jpg,details2/C1102.jpg,details2/C1103.jpg,details2/C1104.jpg,details2/C1105.jpg,details2/C1106.jpg,details2/C1107.jpg,details2/C1108.jpg,details2/C1109.jpg,details2/C11010.jpg,details2/C11011.jpg,details2/C11012.jpg,details2/C11013.jpg,details2/C11014.jpg,details2/C11015.jpg,details2/C11016.jpg,details2/C11017.jpg,details2/C11018.jpg,details2/C11019.jpg,details2/C11020.jpg,details2/C11021.jpg,details2/C11022.jpg,details2/C11023.jpg,details2/C11024.jpg,details2/C11025.jpg,details2/C11026.jpg,details2/C11027.jpg,details2/C11028.jpg,details2/C11029.jpg,details2/C11030.jpg,details2/C11031.jpg,details2/C11032.jpg,details2/C11033.jpg,details2/C11034.jpg,details2/C11035.jpg,details2/C11036.jpg,details2/C11037.jpg,details2/C11038.jpg,details2/C11039.jpg,details2/C11040.jpg,details2/C11041.jpg,details2/C11042.jpg,details2/C11043.jpg,details2/C11044.jpg,details2/C11045.jpg,details2/C11046.jpg,details2/C11047.jpg,details2/C11048.jpg,details2/C11049.jpg,details2/C11050.jpg",42
ROMAND,BARE WATER TINT,https://image2.shilladfs.com/files/product2/2024/09/03/757611001781_20240903_10155787_12_757611001781_1.JPG,"details2/C1111.jpg,details2/C1112.jpg,details2/C1113.jpg,details2/C1114.jpg,details2/C1115.jpg,details2/C1116.jpg,details2/C1117.jpg,details2/C1118.jpg,details2/C1119.jpg,details2/C11110.jpg,details2/C11111.jpg,details2/C11112.jpg,details2/C11113.jpg,details2/C11114.jpg,details2/C11115.jpg,details2/C11116.jpg,details2/C11117.jpg,details2/C11118.jpg,details2/C11119.jpg,details2/C11120.jpg,details2/C11121.jpg,details2/C11122.jpg,details2/C11123.jpg,details2/C11124.jpg,details2/C11125.jpg,details2/C11126.jpg,details2/C11127.jpg,details2/C11128.jpg,details2/C11129.jpg,details2/C11130.jpg,details2/C11131.jpg,details2/C11132.jpg,details2/C11133.jpg,details2/C11134.jpg,details2/C11135.jpg,details2/C11136.jpg,details2/C11137.jpg,details2/C11138.jpg,details2/C11139.jpg,details2/C11140.jpg,details2/C11141.jpg,details2/C11142.jpg,details2/C11143.jpg,details2/C11144.jpg,details2/C11145.jpg,details2/C11146.jpg,details2/C11147.jpg,details2/C11148.jpg,details2/C11149.jpg,details2/C11150.jpg",55
ROMAND,LIP MATE PENCIL,https://image1.shilladfs.com/files/product2/2025/10/24/757611001772_20251024_17535760_12_757611001772_2.JPG,"details/C1121.webp,details/C1122.webp,details/C1123.webp,details/C1124.webp,details/C1125.webp,details/C1126.webp,details/C1127.webp,details/C1128.webp,details/C1129.webp,details/C11210.webp",65
TIPTOE,Blurry Puree Blush,https://img.ssgdfs.com/upload/C00001/goos/org/003/250623000858003.png?RS=440,"details2/C1131.png,details2/C1132.png,details2/C1133.png,details2/C1134.jpg,details2/C1135.jpg,details2/C1136.jpg,details2/C1137.jpg,details2/C1138.jpg,details2/C1139.jpg,details2/C11310.jpg,details2/C11311.jpg,details2/C11312.jpg,details2/C11313.jpg,details2/C11314.jpg,details2/C11315.jpg,details2/C11316.jpg,details2/C11317.jpg,details2/C11318.jpg,details2/C11319.jpg,details2/C11320.jpg,details2/C11321.jpg,details2/C11322.jpg,details2/C11323.jpg,details2/C11324.jpg,details2/C11325.jpg,details2/C11326.jpg,details2/C11327.jpg,details2/C11328.jpg,details2/C11329.jpg,details2/C11330.jpg,details2/C11331.jpg,details2/C11332.jpg,details2/C11333.jpg,details2/C11334.jpg,details2/C11335.jpg,details2/C11336.jpg,details2/C11337.jpg,details2/C11338.jpg,details2/C11339.jpg,details2/C11340.jpg,details2/C11341.jpg,details2/C11342.jpg,details2/C11343.jpg,details2/C11344.jpg,details2/C11345.jpg,details2/C11346.jpg,details2/C11347.jpg,details2/C11348.jpg,details2/C11349.jpg,details2/C11350.jpg",70
TIPTOE,Glowit Sorbet Tint,https://img.ssgdfs.com/upload/C00001/goos/org/041/250623000858041.png?RS=440,"details2/C1141.jpg,details2/C1142.jpg,details2/C1143.jpg,details2/C1144.jpg,details2/C1145.jpg,details2/C1146.jpg,details2/C1147.jpg,details2/C1148.jpg,details2/C1149.jpg,details2/C11410.jpg,details2/C11411.jpg,details2/C11412.jpg,details2/C11413.jpg,details2/C11414.jpg,details2/C11415.jpg,details2/C11416.jpg,details2/C11417.jpg,details2/C11418.jpg,details2/C11419.jpg,details2/C11420.jpg,details2/C11421.jpg,details2/C11422.jpg,details2/C11423.jpg,details2/C11424.jpg,details2/C11425.jpg,details2/C11426.jpg,details2/C11427.jpg,details2/C11428.jpg,details2/C11429.jpg,details2/C11430.jpg,details2/C11431.jpg,details2/C11432.jpg,details2/C11433.jpg,details2/C11434.jpg,details2/C11435.jpg,details2/C11436.jpg,details2/C11437.jpg,details2/C11438.jpg,details2/C11439.jpg,details2/C11440.jpg,details2/C11441.jpg,details2/C11442.jpg,details2/C11443.jpg,details2/C11444.jpg,details2/C11445.jpg,details2/C11446.jpg,details2/C11447.jpg,details2/C11448.jpg,details2/C11449.jpg,details2/C11450.jpg",88
TIPTOE,Jelly Stick,https://img.ssgdfs.com/upload/C00001/goos/org/059/250623000858059.png?RS=440,"details2/C1151.jpg,details2/C1152.jpg,details2/C1153.jpg,details2/C1154.jpg,details2/C1155.jpg,details2/C1156.jpg,details2/C1157.jpg,details2/C1158.jpg,details2/C1159.jpg,details2/C11510.jpg,details2/C11511.jpg,details2/C11512.jpg,details2/C11513.jpg,details2/C11514.jpg,details2/C11515.jpg,details2/C11516.jpg,details2/C11517.jpg,details2/C11518.jpg,details2/C11519.jpg,details2/C11520.jpg,details2/C11521.jpg,details2/C11522.jpg,details2/C11523.jpg,details2/C11524.jpg,details2/C11525.jpg,details2/C11526.jpg,details2/C11527.jpg,details2/C11528.jpg,details2/C11529.jpg,details2/C11530.jpg,details2/C11531.jpg,details2/C11532.jpg,details2/C11533.jpg,details2/C11534.jpg,details2/C11535.jpg,details2/C11536.jpg,details2/C11537.jpg,details2/C11538.jpg,details2/C11539.jpg,details2/C11540.jpg,details2/C11541.jpg,details2/C11542.jpg,details2/C11543.jpg,details2/C11544.jpg,details2/C11545.jpg,details2/C11546.jpg,details2/C11547.jpg,details2/C11548.jpg,details2/C11549.jpg,details2/C11550.jpg",85
PORTRE,Pure Layer Cushion Glow (no refill),https://img.ssgdfs.com/upload/C00001/goos/org/099/241203000697099.jpg?RS=440,"details2/C1161.jpg,details2/C1162.jpg,details2/C1163.jpg,details2/C1164.jpg,details2/C1165.jpg,details2/C1166.jpg,details2/C1167.jpg,details2/C1168.jpg,details2/C1169.jpg,details2/C11610.jpg,details2/C11611.jpg,details2/C11612.jpg,details2/C11613.jpg,details2/C11614.jpg,details2/C11615.jpg,details2/C11616.jpg,details2/C11617.jpg,details2/C11618.jpg,details2/C11619.jpg,details2/C11620.jpg,details2/C11621.jpg,details2/C11622.jpg,details2/C11623.jpg,details2/C11624.jpg,details2/C11625.jpg,details2/C11626.jpg,details2/C11627.jpg,details2/C11628.jpg,details2/C11629.jpg,details2/C11630.jpg,details2/C11631.jpg,details2/C11632.jpg,details2/C11633.jpg,details2/C11634.jpg,details2/C11635.jpg,details2/C11636.jpg,details2/C11637.jpg,details2/C11638.jpg,details2/C11639.jpg,details2/C11640.jpg,details2/C11641.jpg,details2/C11642.jpg,details2/C11643.jpg,details2/C11644.jpg,details2/C11645.jpg,details2/C11646.jpg,details2/C11647.jpg,details2/C11648.jpg,details2/C11649.jpg,details2/C11650.jpg",210
PORTRE,Tint Matte,https://img.ssgdfs.com/upload/C00001/goos/org/489/251117000986489.jpg?RS=440,"details2/C1171.webp,details/C1172.webp,details/C1173.webp,details/C1174.webp,details/C1175.webp,details/C1176.webp,details/C1177.webp,details/C1178.webp,details/C1179.webp,details/C11710.webp",150
PORTRE,PURE GLACE,https://img.ssgdfs.com/upload/C00001/goos/org/294/241119000685294.jpg?RS=440,"details2/C1181.jpg,details2/C1182.jpg,details2/C1183.jpg,details2/C1184.jpg,details2/C1185.jpg,details2/C1186.jpg,details2/C1187.jpg,details2/C1188.jpg,details2/C1189.jpg,details2/C11810.jpg,details2/C11811.jpg,details2/C11812.jpg,details2/C11813.jpg,details2/C11814.jpg,details2/C11815.jpg,details2/C11816.jpg,details2/C11817.jpg,details2/C11818.jpg,details2/C11819.jpg,details2/C11820.jpg,details2/C11821.jpg,details2/C11822.jpg,details2/C11823.jpg,details2/C11824.jpg,details2/C11825.jpg,details2/C11826.jpg,details2/C11827.jpg,details2/C11828.jpg,details2/C11829.jpg,details2/C11830.jpg,details2/C11831.jpg,details2/C11832.jpg,details2/C11833.jpg,details2/C11834.jpg,details2/C11835.jpg,details2/C11836.jpg,details2/C11837.jpg,details2/C11838.jpg,details2/C11839.jpg,details2/C11840.jpg,details2/C11841.jpg,details2/C11842.jpg,details2/C11843.jpg,details2/C11844.jpg,details2/C11845.jpg,details2/C11846.jpg,details2/C11847.jpg,details2/C11848.jpg,details2/C11849.jpg,details2/C11850.jpg",135
PORTRE,Velvet Layer Cushion Matte,https://img.ssgdfs.com/upload/C00001/goos/org/666/250728000881666.jpg?RS=440,"details2/C1191.jpg,details2/C1192.jpg,details2/C1193.jpg,details2/C1194.jpg,details2/C1195.jpg,details2/C1196.jpg,details2/C1197.jpg,details2/C1198.jpg,details2/C1199.jpg,details2/C11910.jpg,details2/C11911.jpg,details2/C11912.jpg,details2/C11913.jpg,details2/C11914.jpg,details2/C11915.jpg,details2/C11916.jpg,details2/C11917.jpg,details2/C11918.jpg,details2/C11919.jpg,details2/C11920.jpg,details2/C11921.jpg,details2/C11922.jpg,details2/C11923.jpg,details2/C11924.jpg,details2/C11925.jpg,details2/C11926.jpg,details2/C11927.jpg,details2/C11928.jpg,details2/C11929.jpg,details2/C11930.jpg,details2/C11931.jpg,details2/C11932.jpg,details2/C11933.jpg,details2/C11934.jpg,details2/C11935.jpg,details2/C11936.jpg,details2/C11937.jpg,details2/C11938.jpg,details2/C11939.jpg,details2/C11940.jpg,details2/C11941.jpg,details2/C11942.jpg,details2/C11943.jpg,details2/C11944.jpg,details2/C11945.jpg,details2/C11946.jpg,details2/C11947.jpg,details2/C11948.jpg,details2/C11949.jpg,details2/C11950.jpg",210
PORTRE,Satin Fit Liquid Cheek,https://img.ssgdfs.com/upload/C00001/goos/org/663/250318000781663.jpg?RS=440,"details2/C1201.jpg,details2/C1202.jpg,details2/C1203.jpg,details2/C1204.jpg,details2/C1205.jpg,details2/C1206.jpg,details2/C1207.jpg,details2/C1208.jpg,details2/C1209.jpg,details2/C12010.jpg,details2/C12011.jpg,details2/C12012.jpg,details2/C12013.jpg,details2/C12014.jpg,details2/C12015.jpg,details2/C12016.jpg,details2/C12017.jpg,details2/C12018.jpg,details2/C12019.jpg,details2/C12020.jpg,details2/C12021.jpg,details2/C12022.jpg,details2/C12023.jpg,details2/C12024.jpg,details2/C12025.jpg,details2/C12026.jpg,details2/C12027.jpg,details2/C12028.jpg,details2/C12029.jpg,details2/C12030.jpg,details2/C12031.jpg,details2/C12032.jpg,details2/C12033.jpg,details2/C12034.jpg,details2/C12035.jpg,details2/C12036.jpg,details2/C12037.jpg,details2/C12038.jpg,details2/C12039.jpg,details2/C12040.jpg,details2/C12041.jpg,details2/C12042.jpg,details2/C12043.jpg,details2/C12044.jpg,details2/C12045.jpg,details2/C12046.jpg,details2/C12047.jpg,details2/C12048.jpg,details2/C12049.jpg,details2/C12050.jpg",99
PERIPERA,INK GLASTING LIP GLOSS 022 STRAWBERRY MATCH,https://image1.shilladfs.com/files/product2/2026/04/03/669911002240_20260403_10302090_12_669911002240_1.JPG,"details2/C1211.jpg,details2/C1212.jpg,details2/C1213.jpg,details2/C1214.jpg,details2/C1215.jpg,details2/C1216.jpg,details2/C1217.jpg,details2/C1218.jpg,details2/C1219.jpg,details2/C12110.jpg,details2/C12111.jpg,details2/C12112.jpg,details2/C12113.jpg,details2/C12114.jpg,details2/C12115.jpg,details2/C12116.jpg,details2/C12117.jpg,details2/C12118.jpg,details2/C12119.jpg,details2/C12120.jpg,details2/C12121.jpg,details2/C12122.jpg,details2/C12123.jpg,details2/C12124.jpg,details2/C12125.jpg,details2/C12126.jpg,details2/C12127.jpg,details2/C12128.jpg,details2/C12129.jpg,details2/C12130.jpg,details2/C12131.jpg,details2/C12132.jpg,details2/C12133.jpg,details2/C12134.jpg,details2/C12135.jpg,details2/C12136.jpg,details2/C12137.jpg,details2/C12138.jpg,details2/C12139.jpg,details2/C12140.jpg,details2/C12141.jpg,details2/C12142.jpg,details2/C12143.jpg,details2/C12144.jpg,details2/C12145.jpg,details2/C12146.jpg,details2/C12147.jpg,details2/C12148.jpg,details2/C12149.jpg,details2/C12150.jpg",55
PERIPERA,Mood Glowy Tint,https://image2.shilladfs.com/files/product2/2026/01/29/669911002226_20260129_10405283_12_669911002226_1.JPG,"details2/C1221.jpg,details2/C1222.jpg,details2/C1223.jpg,details2/C1224.jpg,details2/C1225.jpg,details2/C1226.jpg,details2/C1227.jpg,details2/C1228.jpg,details2/C1229.jpg,details2/C12210.jpg,details2/C12211.jpg,details2/C12212.jpg,details2/C12213.jpg,details2/C12214.jpg,details2/C12215.jpg,details2/C12216.jpg,details2/C12217.jpg,details2/C12218.jpg,details2/C12219.jpg,details2/C12220.jpg,details2/C12221.jpg,details2/C12222.jpg,details2/C12223.jpg,details2/C12224.jpg,details2/C12225.jpg,details2/C12226.jpg,details2/C12227.jpg,details2/C12228.jpg,details2/C12229.jpg,details2/C12230.jpg,details2/C12231.jpg,details2/C12232.jpg,details2/C12233.jpg,details2/C12234.jpg,details2/C12235.jpg,details2/C12236.jpg,details2/C12237.jpg,details2/C12238.jpg,details2/C12239.jpg,details2/C12240.jpg,details2/C12241.jpg,details2/C12242.jpg,details2/C12243.jpg,details2/C12244.jpg,details2/C12245.jpg,details2/C12246.jpg,details2/C12247.jpg,details2/C12248.jpg,details2/C12249.jpg,details2/C12250.jpg",60
PERIPERA,SPEEDY SKINNY BROW MASCARA,https://image2.shilladfs.com/files/product2/2025/04/30/669911002134_20250430_21121884_12_669911002134_1.JPG,"details2/C1231.jpg,details2/C1232.jpg,details2/C1233.jpg,details2/C1234.jpg,details2/C1235.jpg,details2/C1236.jpg,details2/C1237.jpg,details2/C1238.jpg,details2/C1239.jpg,details2/C12310.jpg,details2/C12311.jpg,details2/C12312.jpg,details2/C12313.jpg,details2/C12314.jpg,details2/C12315.jpg,details2/C12316.jpg,details2/C12317.jpg,details2/C12318.jpg,details2/C12319.jpg,details2/C12320.jpg,details2/C12321.jpg,details2/C12322.jpg,details2/C12323.jpg,details2/C12324.jpg,details2/C12325.jpg,details2/C12326.jpg,details2/C12327.jpg,details2/C12328.jpg,details2/C12329.jpg,details2/C12330.jpg,details2/C12331.jpg,details2/C12332.jpg,details2/C12333.jpg,details2/C12334.jpg,details2/C12335.jpg,details2/C12336.jpg,details2/C12337.jpg,details2/C12338.jpg,details2/C12339.jpg,details2/C12340.jpg,details2/C12341.jpg,details2/C12342.jpg,details2/C12343.jpg,details2/C12344.jpg,details2/C12345.jpg,details2/C12346.jpg,details2/C12347.jpg,details2/C12348.jpg,details2/C12349.jpg,details2/C12350.jpg",45
PERIPERA,INK POCKET SHADOW PALETTE ,https://image2.shilladfs.com/files/product2/2023/06/16/669911001758_20230616_14265849_12_669911001758_1.JPG,"details2/C1241.jpg,details2/C1242.jpg,details2/C1243.jpg,details2/C1244.jpg,details2/C1245.jpg,details2/C1246.jpg,details2/C1247.jpg,details2/C1248.jpg,details2/C1249.jpg,details2/C12410.jpg,details2/C12411.jpg,details2/C12412.jpg,details2/C12413.jpg,details2/C12414.jpg,details2/C12415.jpg,details2/C12416.jpg,details2/C12417.jpg,details2/C12418.jpg,details2/C12419.jpg,details2/C12420.jpg,details2/C12421.jpg,details2/C12422.jpg,details2/C12423.jpg,details2/C12424.jpg,details2/C12425.jpg,details2/C12426.jpg,details2/C12427.jpg,details2/C12428.jpg,details2/C12429.jpg,details2/C12430.jpg,details2/C12431.jpg,details2/C12432.jpg,details2/C12433.jpg,details2/C12434.jpg,details2/C12435.jpg,details2/C12436.jpg,details2/C12437.jpg,details2/C12438.jpg,details2/C12439.jpg,details2/C12440.jpg,details2/C12441.jpg,details2/C12442.jpg,details2/C12443.jpg,details2/C12444.jpg,details2/C12445.jpg,details2/C12446.jpg,details2/C12447.jpg,details2/C12448.jpg,details2/C12449.jpg,details2/C12450.jpg",70
PERIPERA,V SHADING,https://image2.shilladfs.com/files/product2/2023/06/13/669911001648_20230613_15181941_12_669911001648_1.JPG,"details2/C1251.jpg,details2/C1252.jpg,details2/C1253.jpg,details2/C1254.jpg,details2/C1255.jpg,details2/C1256.jpg,details2/C1257.jpg,details2/C1258.jpg,details2/C1259.jpg,details2/C12510.jpg,details2/C12511.jpg,details2/C12512.jpg,details2/C12513.jpg,details2/C12514.jpg,details2/C12515.jpg,details2/C12516.jpg,details2/C12517.jpg,details2/C12518.jpg,details2/C12519.jpg,details2/C12520.jpg,details2/C12521.jpg,details2/C12522.jpg,details2/C12523.jpg,details2/C12524.jpg,details2/C12525.jpg,details2/C12526.jpg,details2/C12527.jpg,details2/C12528.jpg,details2/C12529.jpg,details2/C12530.jpg,details2/C12531.jpg,details2/C12532.jpg,details2/C12533.jpg,details2/C12534.jpg,details2/C12535.jpg,details2/C12536.jpg,details2/C12537.jpg,details2/C12538.jpg,details2/C12539.jpg,details2/C12540.jpg,details2/C12541.jpg,details2/C12542.jpg,details2/C12543.jpg,details2/C12544.jpg,details2/C12545.jpg,details2/C12546.jpg,details2/C12547.jpg,details2/C12548.jpg,details2/C12549.jpg,details2/C12550.jpg",75
PERIPERA,SYRUPY TOK CHEEK,https://image2.shilladfs.com/files/product2/2025/02/12/669911002107_20250212_17425482_12_669911002107_1.JPG,"details2/C1261.jpg,details2/C1262.jpg,details2/C1263.jpg,details2/C1264.jpg,details2/C1265.jpg,details2/C1266.jpg,details2/C1267.jpg,details2/C1268.jpg,details2/C1269.jpg,details2/C12610.jpg,details2/C12611.jpg,details2/C12612.jpg,details2/C12613.jpg,details2/C12614.jpg,details2/C12615.jpg,details2/C12616.jpg,details2/C12617.jpg,details2/C12618.jpg,details2/C12619.jpg,details2/C12620.jpg,details2/C12621.jpg,details2/C12622.jpg,details2/C12623.jpg,details2/C12624.jpg,details2/C12625.jpg,details2/C12626.jpg,details2/C12627.jpg,details2/C12628.jpg,details2/C12629.jpg,details2/C12630.jpg,details2/C12631.jpg,details2/C12632.jpg,details2/C12633.jpg,details2/C12634.jpg,details2/C12635.jpg,details2/C12636.jpg,details2/C12637.jpg,details2/C12638.jpg,details2/C12639.jpg,details2/C12640.jpg,details2/C12641.jpg,details2/C12642.jpg,details2/C12643.jpg,details2/C12644.jpg,details2/C12645.jpg,details2/C12646.jpg,details2/C12647.jpg,details2/C12648.jpg,details2/C12649.jpg,details2/C12650.jpg",69
PERIPERA,PURE BLUSHED SUNSHINE CHEEK,https://image2.shilladfs.com/files/product2/2025/01/02/669911002098_20250102_11100350_12_669911002098_1.JPG,"details2/C1271.jpg,details2/C1272.jpg,details2/C1273.jpg,details2/C1274.jpg,details2/C1275.jpg,details2/C1276.jpg,details2/C1277.jpg,details2/C1278.jpg,details2/C1279.jpg,details2/C12710.jpg,details2/C12711.jpg,details2/C12712.jpg,details2/C12713.jpg,details2/C12714.jpg,details2/C12715.jpg,details2/C12716.jpg,details2/C12717.jpg,details2/C12718.jpg,details2/C12719.jpg,details2/C12720.jpg,details2/C12721.jpg,details2/C12722.jpg,details2/C12723.jpg,details2/C12724.jpg,details2/C12725.jpg,details2/C12726.jpg,details2/C12727.jpg,details2/C12728.jpg,details2/C12729.jpg,details2/C12730.jpg,details2/C12731.jpg,details2/C12732.jpg,details2/C12733.jpg,details2/C12734.jpg,details2/C12735.jpg,details2/C12736.jpg,details2/C12737.jpg,details2/C12738.jpg,details2/C12739.jpg,details2/C12740.jpg,details2/C12741.jpg,details2/C12742.jpg,details2/C12743.jpg,details2/C12744.jpg,details2/C12745.jpg,details2/C12746.jpg,details2/C12747.jpg,details2/C12748.jpg,details2/C12749.jpg,details2/C12750.jpg",45
PERIPERA,INK GLASTING LIP GLOSS,https://image2.shilladfs.com/files/product2/2026/04/03/669911002238_20260403_10300462_12_669911002238_1.JPG,"details2/C1281.jpg,details2/C1282.jpg,details2/C1283.jpg,details2/C1284.jpg,details2/C1285.jpg,details2/C1286.jpg,details2/C1287.jpg,details2/C1288.jpg,details2/C1289.jpg,details2/C12810.jpg,details2/C12811.jpg,details2/C12812.jpg,details2/C12813.jpg,details2/C12814.jpg,details2/C12815.jpg,details2/C12816.jpg,details2/C12817.jpg,details2/C12818.jpg,details2/C12819.jpg,details2/C12820.jpg,details2/C12821.jpg,details2/C12822.jpg,details2/C12823.jpg,details2/C12824.jpg,details2/C12825.jpg,details2/C12826.jpg,details2/C12827.jpg,details2/C12828.jpg,details2/C12829.jpg,details2/C12830.jpg,details2/C12831.jpg,details2/C12832.jpg,details2/C12833.jpg,details2/C12834.jpg,details2/C12835.jpg,details2/C12836.jpg,details2/C12837.jpg,details2/C12838.jpg,details2/C12839.jpg,details2/C12840.jpg,details2/C12841.jpg,details2/C12842.jpg,details2/C12843.jpg,details2/C12844.jpg,details2/C12845.jpg,details2/C12846.jpg,details2/C12847.jpg,details2/C12848.jpg,details2/C12849.jpg,details2/C12850.jpg",55
PERIPERA,MAKE SPEEDY SKINNY BROW,https://image1.shilladfs.com/files/product2/2022/12/21/669911001628_20221221_11564751_12_669911001628_1.JPG,"details2/C1291.jpg,details2/C1292.gif,details2/C1293.jpg,details2/C1294.gif,details2/C1295.jpg,details2/C1296.gif,details2/C1297.jpg,details2/C1298.jpg,details2/C1299.jpg,details2/C12910.jpg,details2/C12911.jpg,details2/C12912.jpg,details2/C12913.jpg,details2/C12914.jpg,details2/C12915.jpg,details2/C12916.jpg,details2/C12917.jpg,details2/C12918.jpg,details2/C12919.jpg,details2/C12920.jpg,details2/C12921.jpg,details2/C12922.jpg,details2/C12923.jpg,details2/C12924.jpg,details2/C12925.jpg,details2/C12926.jpg,details2/C12927.jpg,details2/C12928.jpg,details2/C12929.jpg,details2/C12930.jpg,details2/C12931.jpg,details2/C12932.jpg,details2/C12933.jpg,details2/C12934.jpg,details2/C12935.jpg,details2/C12936.jpg,details2/C12937.jpg,details2/C12938.jpg,details2/C12939.jpg,details2/C12940.jpg,details2/C12941.jpg,details2/C12942.jpg,details2/C12943.jpg,details2/C12944.jpg,details2/C12945.jpg,details2/C12946.jpg,details2/C12947.jpg,details2/C12948.jpg,details2/C12949.jpg,details2/C12950.jpg",35
HOLIKA HOLIKA,My Fave Piece Concealer,https://image1.shilladfs.com/files/product2/2026/04/13/666711000863_20260413_15541833_12_666711000863_1.JPG,"details2/C1301.jpg,details2/C1302.gif,details2/C1303.jpg,details2/C1304.gif,details2/C1305.jpg,details2/C1306.jpg,details2/C1307.jpg,details2/C1308.jpg,details2/C1309.jpg,details2/C13010.jpg,details2/C13011.jpg,details2/C13012.jpg,details2/C13013.jpg,details2/C13014.jpg,details2/C13015.jpg,details2/C13016.jpg,details2/C13017.jpg,details2/C13018.jpg,details2/C13019.jpg,details2/C13020.jpg,details2/C13021.jpg,details2/C13022.jpg,details2/C13023.jpg,details2/C13024.jpg,details2/C13025.jpg,details2/C13026.jpg,details2/C13027.jpg,details2/C13028.jpg,details2/C13029.jpg,details2/C13030.jpg,details2/C13031.jpg,details2/C13032.jpg,details2/C13033.jpg,details2/C13034.jpg,details2/C13035.jpg,details2/C13036.jpg,details2/C13037.jpg,details2/C13038.jpg,details2/C13039.jpg,details2/C13040.jpg,details2/C13041.jpg,details2/C13042.jpg,details2/C13043.jpg,details2/C13044.jpg,details2/C13045.jpg,details2/C13046.jpg,details2/C13047.jpg,details2/C13048.jpg,details2/C13049.jpg,details2/C13050.jpg",45
HOLIKA HOLIKA,MY FAVE MOOD EYE PALETTE,https://image2.shilladfs.com/files/product2/2026/03/19/666711000675_20260319_14241937_12_666711000675_2.JPG,"details2/C1311.jpg,details2/C1312.gif,details2/C1313.jpg,details2/C1314.gif,details2/C1315.jpg,details2/C1316.jpg,details2/C1317.jpg,details2/C1318.jpg,details2/C1319.jpg,details2/C13110.jpg,details2/C13111.jpg,details2/C13112.gif,details2/C13113.jpg,details2/C13114.gif,details2/C13115.jpg,details2/C13116.jpg,details2/C13117.jpg,details2/C13118.jpg,details2/C13119.jpg,details2/C13120.jpg,details2/C13121.jpg,details2/C13122.jpg,details2/C13123.jpg,details2/C13124.jpg,details2/C13125.jpg,details2/C13126.jpg,details2/C13127.jpg,details2/C13128.jpg,details2/C13129.jpg,details2/C13130.jpg,details2/C13131.jpg,details2/C13132.jpg,details2/C13133.jpg,details2/C13134.jpg,details2/C13135.jpg,details2/C13136.jpg,details2/C13137.jpg,details2/C13138.jpg,details2/C13139.jpg,details2/C13140.jpg,details2/C13141.jpg,details2/C13142.jpg,details2/C13143.jpg,details2/C13144.jpg,details2/C13145.jpg,details2/C13146.jpg,details2/C13147.jpg,details2/C13148.jpg,details2/C13149.jpg,details2/C13150.jpg",135
HOLIKA HOLIKA,Melting Blur Lip Pot ,https://image1.shilladfs.com/files/product2/2026/03/19/666711000791_20260319_14241318_12_666711000791_2.JPG,"details2/C1321.jpg,details2/C1322.gif,details2/C1323.jpg,details2/C1324.gif,details2/C1325.jpg,details2/C1326.jpg,details2/C1327.jpg,details2/C1328.jpg,details2/C1329.jpg,details2/C13210.jpg,details2/C13211.jpg,details2/C13212.jpg,details2/C13213.jpg,details2/C13214.jpg,details2/C13215.jpg,details2/C13216.jpg,details2/C13217.jpg,details2/C13218.jpg,details2/C13219.jpg,details2/C13220.jpg,details2/C13221.jpg,details2/C13222.jpg,details2/C13223.jpg,details2/C13224.jpg,details2/C13225.jpg,details2/C13226.jpg,details2/C13227.jpg,details2/C13228.jpg,details2/C13229.jpg,details2/C13230.jpg,details2/C13231.jpg,details2/C13232.jpg,details2/C13233.jpg,details2/C13234.jpg,details2/C13235.jpg,details2/C13236.jpg,details2/C13237.jpg,details2/C13238.jpg,details2/C13239.jpg,details2/C13240.jpg,details2/C13241.jpg,details2/C13242.jpg,details2/C13243.jpg,details2/C13244.jpg,details2/C13245.jpg,details2/C13246.jpg,details2/C13247.jpg,details2/C13248.jpg,details2/C13249.jpg,details2/C13250.jpg",80
HOLIKA HOLIKA,Heart Crush Bare Glaze Tint,https://image1.shilladfs.com/files/product2/2026/03/12/666711000827_20260312_16501496_12_666711000827_1.JPG,"details2/C1331.jpg,details2/C1332.jpg,details2/C1333.gif,details2/C1334.jpg,details2/C1335.jpg,details2/C1336.jpg,details2/C1337.jpg,details2/C1338.jpg,details2/C1339.jpg,details2/C13310.jpg,details2/C13311.jpg,details2/C13312.jpg,details2/C13313.jpg,details2/C13314.jpg,details2/C13315.jpg,details2/C13316.jpg,details2/C13317.jpg,details2/C13318.jpg,details2/C13319.jpg,details2/C13320.jpg,details2/C13321.jpg,details2/C13322.jpg,details2/C13323.jpg,details2/C13324.jpg,details2/C13325.jpg,details2/C13326.jpg,details2/C13327.jpg,details2/C13328.jpg,details2/C13329.jpg,details2/C13330.jpg,details2/C13331.jpg,details2/C13332.jpg,details2/C13333.jpg,details2/C13334.jpg,details2/C13335.jpg,details2/C13336.jpg,details2/C13337.jpg,details2/C13338.jpg,details2/C13339.jpg,details2/C13340.jpg,details2/C13341.jpg,details2/C13342.jpg,details2/C13343.jpg,details2/C13344.jpg,details2/C13345.jpg,details2/C13346.jpg,details2/C13347.jpg,details2/C13348.jpg,details2/C13349.jpg,details2/C13350.jpg",80
HOLIKA HOLIKA,Glow Rise Balm,https://image1.shilladfs.com/files/product2/2026/03/12/666711000854_20260312_16492149_12_666711000854_1.JPG,"details2/C1341.jpg,details2/C1342.jpg,details2/C1343.gif,details2/C1344.gif,details2/C1345.jpg,details2/C1346.gif,details2/C1347.jpg,details2/C1348.gif,details2/C1349.jpg,details2/C13410.jpg,details2/C13411.gif,details2/C13412.jpg,details2/C13413.jpg,details2/C13414.jpg,details2/C13415.jpg,details2/C13416.jpg,details2/C13417.jpg,details2/C13418.jpg,details2/C13419.jpg,details2/C13420.jpg,details2/C13421.jpg,details2/C13422.jpg,details2/C13423.jpg,details2/C13424.jpg,details2/C13425.jpg,details2/C13426.jpg,details2/C13427.jpg,details2/C13428.jpg,details2/C13429.jpg,details2/C13430.jpg,details2/C13431.jpg,details2/C13432.jpg,details2/C13433.jpg,details2/C13434.jpg,details2/C13435.jpg,details2/C13436.jpg,details2/C13437.jpg,details2/C13438.jpg,details2/C13439.jpg,details2/C13440.jpg,details2/C13441.jpg,details2/C13442.jpg,details2/C13443.jpg,details2/C13444.jpg,details2/C13445.jpg,details2/C13446.jpg,details2/C13447.jpg,details2/C13448.jpg,details2/C13449.jpg,details2/C13450.jpg",90
LUMMIR,Light On Eyes Shadow Palette,https://img.ssgdfs.com/upload/C00001/goos/org/040/241024000656040.jpg?RS=440,"details2/C1351.jpg,details2/C1352.jpg,details2/C1353.jpg,details2/C1354.jpg,details2/C1355.jpg,details2/C1356.jpg,details2/C1357.jpg,details2/C1358.jpg,details2/C1359.jpg,details2/C13510.jpg,details2/C13511.jpg,details2/C13512.jpg,details2/C13513.jpg,details2/C13514.jpg,details2/C13515.jpg,details2/C13516.jpg,details2/C13517.jpg,details2/C13518.jpg,details2/C13519.jpg,details2/C13520.jpg,details2/C13521.jpg,details2/C13522.jpg,details2/C13523.jpg,details2/C13524.jpg,details2/C13525.jpg,details2/C13526.jpg,details2/C13527.jpg,details2/C13528.jpg,details2/C13529.jpg,details2/C13530.jpg,details2/C13531.jpg,details2/C13532.jpg,details2/C13533.jpg,details2/C13534.jpg,details2/C13535.jpg,details2/C13536.jpg,details2/C13537.jpg,details2/C13538.jpg,details2/C13539.jpg,details2/C13540.jpg,details2/C13541.jpg,details2/C13542.jpg,details2/C13543.jpg,details2/C13544.jpg,details2/C13545.jpg,details2/C13546.jpg,details2/C13547.jpg,details2/C13548.jpg,details2/C13549.jpg,details2/C13550.jpg",168
LUMMIR,Flash Pot Highlighter,https://img.ssgdfs.com/upload/C00001/goos/org/138/241024000656138.jpg?RS=440,"details2/C1361.jpg,details2/C1362.jpg,details2/C1363.jpg,details2/C1364.jpg,details2/C1365.jpg,details2/C1366.jpg,details2/C1367.jpg,details2/C1368.jpg,details2/C1369.jpg,details2/C13610.jpg,details2/C13611.jpg,details2/C13612.jpg,details2/C13613.jpg,details2/C13614.jpg,details2/C13615.jpg,details2/C13616.jpg,details2/C13617.jpg,details2/C13618.jpg,details2/C13619.jpg,details2/C13620.jpg,details2/C13621.jpg,details2/C13622.jpg,details2/C13623.jpg,details2/C13624.jpg,details2/C13625.jpg,details2/C13626.jpg,details2/C13627.jpg,details2/C13628.jpg,details2/C13629.jpg,details2/C13630.jpg,details2/C13631.jpg,details2/C13632.jpg,details2/C13633.jpg,details2/C13634.jpg,details2/C13635.jpg,details2/C13636.jpg,details2/C13637.jpg,details2/C13638.jpg,details2/C13639.jpg,details2/C13640.jpg,details2/C13641.jpg,details2/C13642.jpg,details2/C13643.jpg,details2/C13644.jpg,details2/C13645.jpg,details2/C13646.jpg,details2/C13647.jpg,details2/C13648.jpg,details2/C13649.jpg,details2/C13650.jpg",88
LUMMIR,Melting Fit Shine Balm,https://img.ssgdfs.com/upload/C00001/goos/org/230/241024000656230.jpg?RS=440,"details2/C1371.jpg,details2/C1372.jpg,details2/C1373.jpg,details2/C1374.jpg,details2/C1375.jpg,details2/C1376.jpg,details2/C1377.jpg,details2/C1378.jpg,details2/C1379.jpg,details2/C13710.jpg,details2/C13711.jpg,details2/C13712.jpg,details2/C13713.jpg,details2/C13714.jpg,details2/C13715.jpg,details2/C13716.jpg,details2/C13717.jpg,details2/C13718.jpg,details2/C13719.jpg,details2/C13720.jpg,details2/C13721.jpg,details2/C13722.jpg,details2/C13723.jpg,details2/C13724.jpg,details2/C13725.jpg,details2/C13726.jpg,details2/C13727.jpg,details2/C13728.jpg,details2/C13729.jpg,details2/C13730.jpg,details2/C13731.jpg,details2/C13732.jpg,details2/C13733.jpg,details2/C13734.jpg,details2/C13735.jpg,details2/C13736.jpg,details2/C13737.jpg,details2/C13738.jpg,details2/C13739.jpg,details2/C13740.jpg,details2/C13741.jpg,details2/C13742.jpg,details2/C13743.jpg,details2/C13744.jpg,details2/C13745.jpg,details2/C13746.jpg,details2/C13747.jpg,details2/C13748.jpg,details2/C13749.jpg,details2/C13750.jpg",95
LUMMIR,Fill In Shape Brow Pencil ,https://img.ssgdfs.com/upload/C00001/goos/org/094/241024000656094.jpg?RS=440,"details2/C1381.jpg,details2/C1382.jpg,details2/C1383.jpg,details2/C1384.jpg,details2/C1385.jpg,details2/C1386.jpg,details2/C1387.jpg,details2/C1388.jpg,details2/C1389.jpg,details2/C13810.jpg,details2/C13811.jpg,details2/C13812.jpg,details2/C13813.jpg,details2/C13814.jpg,details2/C13815.jpg,details2/C13816.jpg,details2/C13817.jpg,details2/C13818.jpg,details2/C13819.jpg,details2/C13820.jpg,details2/C13821.jpg,details2/C13822.jpg,details2/C13823.jpg,details2/C13824.jpg,details2/C13825.jpg,details2/C13826.jpg,details2/C13827.jpg,details2/C13828.jpg,details2/C13829.jpg,details2/C13830.jpg,details2/C13831.jpg,details2/C13832.jpg,details2/C13833.jpg,details2/C13834.jpg,details2/C13835.jpg,details2/C13836.jpg,details2/C13837.jpg,details2/C13838.jpg,details2/C13839.jpg,details2/C13840.jpg,details2/C13841.jpg,details2/C13842.jpg,details2/C13843.jpg,details2/C13844.jpg,details2/C13845.jpg,details2/C13846.jpg,details2/C13847.jpg,details2/C13848.jpg,details2/C13849.jpg,details2/C13850.jpg",70
LILYBYRED,Love Beam Cheek Balm,https://img.ssgdfs.com/upload/C00001/goos/org/514/240315000481514.jpg?RS=440,"details/C1391.webp,details/C1392.webp,details/C1393.webp,details/C1394.webp,details/C1395.webp,details/C1396.webp,details/C1397.webp,details/C1398.webp,details/C1399.webp,details/C13910.webp",69
LILYBYRED,9 to 9 Survival Penliner ,https://img.ssgdfs.com/upload/C00001/goos/org/504/240315000481504.jpg?RS=440,"details/C1401.webp,details/C1402.webp,details/C1403.webp,details/C1404.webp,details/C1405.webp,details/C1406.webp,details/C1407.webp,details/C1408.webp,details/C1409.webp,details/C14010.webp",49
LILYBYRED,Sweet Liar Milky Tint,https://img.ssgdfs.com/upload/C00001/goos/org/858/250317000780858.jpg?RS=440,"details/C1411.webp,details/C1412.webp,details/C1413.webp,details/C1414.webp,details/C1415.webp,details/C1416.webp,details/C1417.webp,details/C1418.webp,details/C1419.webp,details/C14110.webp",59
LILYBYRED,Mood Keyboard,https://img.ssgdfs.com/upload/C00001/goos/org/656/240315000481656.jpg?RS=440,"details/C1421.webp,details/C1422.webp,details/C1423.webp,details/C1424.webp,details/C1425.webp,details/C1426.webp,details/C1427.webp,details/C1428.webp,details/C1429.webp,details/C14210.webp",88
LILYBYRED,Juicy Liar Water Tint,https://img.ssgdfs.com/upload/C00001/goos/org/149/240318000482149.jpg?RS=440,"details/C1431.webp,details/C1432.webp,details/C1433.webp,details/C1434.webp,details/C1435.webp,details/C1436.webp,details/C1437.webp,details/C1438.webp,details/C1439.webp,details/C14310.webp",55
LILYBYRED,DEWY FIT PALETTE,https://image1.shilladfs.com/files/product2/2025/06/12/766411000393_20250612_17491997_12_766411000393_1.JPG,"details/C1441.webp,details/C1442.webp,details/C1443.webp,details/C1444.webp,details/C1445.webp,details/C1446.webp,details/C1447.webp,details/C1448.webp,details/C1449.webp,details/C14410.webp",125
LILYBYRED,CHEEK MOUSSE,https://static.lottedfs.cn/prod/prd-img/81/05/39/01/00/02/20001390581_2.webp/dims/resize/460x460,"details/C1451.webp,details/C1452.webp,details/C1453.webp,details/C1454.webp,details/C1455.webp,details/C1456.webp,details/C1457.webp,details/C1458.webp,details/C1459.webp,details/C14510.webp",65
LILYBYRED,LUV BEAM GLOW VEIL,https://image1.shilladfs.com/files/product2/2023/04/03/766411000244_20230403_15110755_12_766411000244_1.JPG,"details/C1461.webp,details/C1462.webp,details/C1463.webp,details/C1464.webp,details/C1465.webp,details/C1466.webp,details/C1467.webp,details/C1468.webp,details/C1469.webp,details/C14610.webp",60
LILYBYRED,BLOODY LIAR COATING TINT,https://image1.shilladfs.com/files/product2/2023/08/16/766411000323_20230816_16454064_12_766411000323_1.JPG,"details/C1471.webp,details/C1472.webp,details/C1473.webp,details/C1474.webp,details/C1475.webp,details/C1476.webp,details/C1477.webp,details/C1478.webp,details/C1479.webp,details/C14710.webp",55
LILYBYRED,LOVE BEAM CHEEK,https://image2.shilladfs.com/files/product2/2021/03/12/766411000130_20210312_14305935_12_766411000130_1.JPG,"details/C1481.webp,details/C1482.webp,details/C1483.webp,details/C1484.webp,details/C1485.webp,details/C1486.webp,details/C1487.webp,details/C1488.webp,details/C1489.webp,details/C14810.webp",59
LILYBYRED,AM9 TO PM9 SURVIVAL COLORCARA,https://image1.shilladfs.com/files/product2/2024/03/07/766411000268_20240307_17021000_12_766411000268_1.JPG,"details/C1491.webp,details/C1492.webp,details/C1493.webp,details/C1494.webp,details/C1495.webp,details/C1496.webp,details/C1497.webp,details/C1498.webp,details/C1499.webp,details/C14910.webp",49
LILYBYRED,SMILEY LIP BLENDING STICK,https://image2.shilladfs.com/files/product2/2023/08/16/766411000309_20230816_16505112_12_766411000309_1.JPG,"details/C1501.webp,details/C1502.webp,details/C1503.webp,details/C1504.webp,details/C1505.webp,details/C1506.webp,details/C1507.webp,details/C1508.webp,details/C1509.webp,details/C15010.webp",49
LILYBYRED,SUGAR WRAPPING TINT GLOSS,https://image1.shilladfs.com/files/product2/2026/01/13/766411000420_20260113_10081920_12_766411000420_1.JPG,"details/C1511.webp,details/C1512.webp,details/C1513.webp,details/C1514.webp,details/C1515.webp,details/C1516.webp,details/C1517.webp,details/C1518.webp,details/C1519.webp,details/C15110.webp",65
NAMING,Over Dew Glossy Lip Tint,https://img.ssgdfs.com/upload/C00001/goos/org/834/260416001124834.png?RS=440,"details2/C1521.jpg,details2/C1522.jpg,details2/C1523.jpg,details2/C1524.jpg,details2/C1525.jpg,details2/C1526.jpg,details2/C1527.jpg,details2/C1528.jpg,details2/C1529.jpg,details2/C15210.jpg,details2/C15211.jpg,details2/C15212.jpg,details2/C15213.jpg,details2/C15214.jpg,details2/C15215.jpg,details2/C15216.jpg,details2/C15217.jpg,details2/C15218.jpg,details2/C15219.jpg,details2/C15220.jpg,details2/C15221.jpg,details2/C15222.jpg,details2/C15223.jpg,details2/C15224.jpg,details2/C15225.jpg,details2/C15226.jpg,details2/C15227.jpg,details2/C15228.jpg,details2/C15229.jpg,details2/C15230.jpg,details2/C15231.jpg,details2/C15232.jpg,details2/C15233.jpg,details2/C15234.jpg,details2/C15235.jpg,details2/C15236.jpg,details2/C15237.jpg,details2/C15238.jpg,details2/C15239.jpg,details2/C15240.jpg,details2/C15241.jpg,details2/C15242.jpg,details2/C15243.jpg,details2/C15244.jpg,details2/C15245.jpg,details2/C15246.jpg,details2/C15247.jpg,details2/C15248.jpg,details2/C15249.jpg,details2/C15250.jpg",70
NAMING,Glowy Heart Lip Tint,https://img.ssgdfs.com/upload/C00001/goos/org/321/260327001098321.png?RS=440,"details2/C1531.jpg,details2/C1532.jpg,details2/C1533.jpg,details2/C1534.jpg,details2/C1535.jpg,details2/C1536.jpg,details2/C1537.jpg,details2/C1538.jpg,details2/C1539.jpg,details2/C15310.jpg,details2/C15311.jpg,details2/C15312.jpg,details2/C15313.jpg,details2/C15314.jpg,details2/C15315.jpg,details2/C15316.jpg,details2/C15317.jpg,details2/C15318.jpg,details2/C15319.jpg,details2/C15320.jpg,details2/C15321.jpg,details2/C15322.jpg,details2/C15323.jpg,details2/C15324.jpg,details2/C15325.jpg,details2/C15326.jpg,details2/C15327.jpg,details2/C15328.jpg,details2/C15329.jpg,details2/C15330.jpg,details2/C15331.jpg,details2/C15332.jpg,details2/C15333.jpg,details2/C15334.jpg,details2/C15335.jpg,details2/C15336.jpg,details2/C15337.jpg,details2/C15338.jpg,details2/C15339.jpg,details2/C15340.jpg,details2/C15341.jpg,details2/C15342.jpg,details2/C15343.jpg,details2/C15344.jpg,details2/C15345.jpg,details2/C15346.jpg,details2/C15347.jpg,details2/C15348.jpg,details2/C15349.jpg,details2/C15350.jpg",70
NAMING,Fluffy Baked Highlighter,https://img.ssgdfs.com/upload/C00001/goos/org/536/241212000704536.jpg?RS=440,"details2/C1541.webp,details2/C1542.webp,details2/C1543.webp,details2/C1544.webp,details2/C1545.webp,details2/C1546.webp,details2/C1547.webp,details2/C1548.webp,details2/C1549.webp,details2/C15410.webp,details2/C15411.webp,details2/C15412.webp,details2/C15413.webp,details2/C15414.webp,details2/C15415.webp",60
NAMING,Syrup Melting Stick,https://img.ssgdfs.com/upload/C00001/goos/org/602/241211000703602.jpg?RS=440,"details2/C1551.webp,details2/C1552.webp,details2/C1553.webp,details2/C1554.webp,details2/C1555.webp,details2/C1556.webp,details2/C1557.webp,details2/C1558.webp,details2/C1559.webp,details2/C15510.webp,details2/C15511.webp,details2/C15512.webp,details2/C15513.webp,details2/C15514.webp,details2/C15515.webp",80
NAMING,Zero Gravity Cover Up Cushion (refill),https://img.ssgdfs.com/upload/C00001/goos/org/436/260416001124436.png?RS=440,"details2/C1561.webp,details2/C1562.webp,details2/C1563.webp,details2/C1564.webp,details2/C1565.webp,details2/C1566.webp,details2/C1567.webp,details2/C1568.webp,details2/C1569.webp,details2/C15610.webp,details2/C15611.webp,details2/C15612.webp,details2/C15613.webp,details2/C15614.webp,details2/C15615.webp",70
TOO COOL FOR SCHOOL,ARTCLASS FROTTAGE PENCIL,https://static.lottedfs.cn/prod/prd-img/34/38/14/01/00/02/20001143834_2.jpg/dims/resize/460x460,"details2/C1571.jpg,details2/C1572.jpg,details2/C1573.jpg,details2/C1574.jpg,details2/C1575.jpg,details2/C1576.jpg,details2/C1577.jpg,details2/C1578.jpg,details2/C1579.gif,details2/C15710.gif,details2/C15711.jpg,details2/C15712.gif,details2/C15713.jpg,details2/C15714.gif,details2/C15715.jpg,details2/C15716.jpg,details2/C15717.jpg,details2/C15718.jpg,details2/C15719.jpg,details2/C15720.jpg,details2/C15721.jpg,details2/C15722.jpg,details2/C15723.jpg,details2/C15724.jpg,details2/C15725.jpg,details2/C15726.jpg,details2/C15727.jpg,details2/C15728.jpg,details2/C15729.jpg,details2/C15730.jpg,details2/C15731.jpg,details2/C15732.jpg,details2/C15733.jpg,details2/C15734.jpg,details2/C15735.jpg,details2/C15736.jpg,details2/C15737.jpg,details2/C15738.jpg,details2/C15739.jpg,details2/C15740.jpg,details2/C15741.jpg,details2/C15742.jpg,details2/C15743.jpg,details2/C15744.jpg,details2/C15745.jpg,details2/C15746.jpg,details2/C15747.jpg,details2/C15748.jpg,details2/C15749.jpg,details2/C15750.jpg",70
TOO COOL FOR SCHOOL,BY RODIN FINISH SETTING OIL PAPER,https://static.lottedfs.cn/prod/prd-img/47/58/90/00/00/02/20000905847_2.jpg/dims/resize/460x460,,50
TOO COOL FOR SCHOOL,AIR FIT CUSHION (+refill),https://static.lottedfs.cn/prod/prd-img/90/16/32/01/00/02/20001321690_2.jpg/dims/resize/460x460,"details2/C1591.jpg,details2/C1592.jpg,details2/C1593.jpg,details2/C1594.jpg,details2/C1595.gif,details2/C1596.jpg,details2/C1597.jpg,details2/C1598.jpg,details2/C1599.gif,details2/C15910.jpg,details2/C15911.jpg,details2/C15912.jpg,details2/C15913.jpg,details2/C15914.jpg,details2/C15915.jpg,details2/C15916.jpg,details2/C15917.jpg,details2/C15918.jpg,details2/C15919.jpg,details2/C15920.jpg,details2/C15921.jpg,details2/C15922.jpg,details2/C15923.jpg,details2/C15924.jpg,details2/C15925.jpg,details2/C15926.jpg,details2/C15927.jpg,details2/C15928.jpg,details2/C15929.jpg,details2/C15930.jpg,details2/C15931.jpg,details2/C15932.jpg,details2/C15933.jpg,details2/C15934.jpg,details2/C15935.jpg,details2/C15936.jpg,details2/C15937.jpg,details2/C15938.jpg,details2/C15939.jpg,details2/C15940.jpg,details2/C15941.jpg,details2/C15942.jpg,details2/C15943.jpg,details2/C15944.jpg,details2/C15945.jpg,details2/C15946.jpg,details2/C15947.jpg,details2/C15948.jpg,details2/C15949.jpg,details2/C15950.jpg",165
TOO COOL FOR SCHOOL,BY RODIN FINISH SETTING FACT,https://static.lottedfs.cn/prod/prd-img/86/54/92/00/00/02/20000925486_3.jpg/dims/resize/460x460,"details2/C1601.jpg,details2/C1602.jpg,details2/C1603.jpg,details2/C1604.jpg,details2/C1605.jpg,details2/C1606.jpg,details2/C1607.gif,details2/C1608.jpg,details2/C1609.jpg,details2/C16010.jpg,details2/C16011.jpg,details2/C16012.jpg,details2/C16013.jpg,details2/C16014.jpg,details2/C16015.jpg,details2/C16016.jpg,details2/C16017.jpg,details2/C16018.jpg,details2/C16019.jpg,details2/C16020.jpg,details2/C16021.jpg,details2/C16022.jpg,details2/C16023.jpg,details2/C16024.jpg,details2/C16025.jpg,details2/C16026.jpg,details2/C16027.jpg,details2/C16028.jpg,details2/C16029.jpg,details2/C16030.jpg,details2/C16031.jpg,details2/C16032.jpg,details2/C16033.jpg,details2/C16034.jpg,details2/C16035.jpg,details2/C16036.jpg,details2/C16037.jpg,details2/C16038.jpg,details2/C16039.jpg,details2/C16040.jpg,details2/C16041.jpg,details2/C16042.jpg,details2/C16043.jpg,details2/C16044.jpg,details2/C16045.jpg,details2/C16046.jpg,details2/C16047.jpg,details2/C16048.jpg,details2/C16049.jpg,details2/C16050.jpg",75
TOO COOL FOR SCHOOL,VERRE COLOR GLOSS,https://static.lottedfs.cn/prod/prd-img/81/38/38/01/00/02/20001383881_1.webp/dims/resize/460x460,"details/C1611.webp,details/C1612.webp,details/C1613.webp,details/C1614.webp,details/C1615.webp,details/C1616.webp,details/C1617.webp,details/C1618.webp,details/C1619.webp,details/C16110.webp",60
TOO COOL FOR SCHOOL,PERFECT DAY MAKEUP FIXER,https://static.lottedfs.cn/prod/prd-img/13/96/32/01/00/02/20001329613_2.jpg/dims/resize/460x460,"details2/C1621.jpg,details2/C1622.jpg,details2/C1623.jpg,details2/C1624.jpg,details2/C1625.gif,details2/C1626.jpg,details2/C1627.jpg,details2/C1628.jpg,details2/C1629.gif,details2/C16210.jpg,details2/C16211.jpg,details2/C16212.jpg,details2/C16213.jpg,details2/C16214.jpg,details2/C16215.jpg,details2/C16216.jpg,details2/C16217.jpg,details2/C16218.jpg,details2/C16219.jpg,details2/C16220.jpg,details2/C16221.jpg,details2/C16222.jpg,details2/C16223.jpg,details2/C16224.jpg,details2/C16225.jpg,details2/C16226.jpg,details2/C16227.jpg,details2/C16228.jpg,details2/C16229.jpg,details2/C16230.jpg,details2/C16231.jpg,details2/C16232.jpg,details2/C16233.jpg,details2/C16234.jpg,details2/C16235.jpg,details2/C16236.jpg,details2/C16237.jpg,details2/C16238.jpg,details2/C16239.jpg,details2/C16240.jpg,details2/C16241.jpg,details2/C16242.jpg,details2/C16243.jpg,details2/C16244.jpg,details2/C16245.jpg,details2/C16246.jpg,details2/C16247.jpg,details2/C16248.jpg,details2/C16249.jpg,details2/C16250.jpg",60
TOO COOL FOR SCHOOL,BY RODIN BLUSHER,https://static.lottedfs.cn/prod/prd-img/05/21/43/01/00/02/20001432105_2.webp/dims/resize/460x460,"details2/C1631.jpg,details2/C1632.jpg,details2/C1633.jpg,details2/C1634.jpg,details2/C1635.gif,details2/C1636.jpg,details2/C1637.jpg,details2/C1638.jpg,details2/C1639.gif,details2/C16310.jpg,details2/C16311.jpg,details2/C16312.jpg,details2/C16313.jpg,details2/C16314.jpg,details2/C16315.jpg,details2/C16316.jpg,details2/C16317.jpg,details2/C16318.jpg,details2/C16319.jpg,details2/C16320.jpg,details2/C16321.jpg,details2/C16322.jpg,details2/C16323.jpg,details2/C16324.jpg,details2/C16325.jpg,details2/C16326.jpg,details2/C16327.jpg,details2/C16328.jpg,details2/C16329.jpg,details2/C16330.jpg,details2/C16331.jpg,details2/C16332.jpg,details2/C16333.jpg,details2/C16334.jpg,details2/C16335.jpg,details2/C16336.jpg,details2/C16337.jpg,details2/C16338.jpg,details2/C16339.jpg,details2/C16340.jpg,details2/C16341.jpg,details2/C16342.jpg,details2/C16343.jpg,details2/C16344.jpg,details2/C16345.jpg,details2/C16346.jpg,details2/C16347.jpg,details2/C16348.jpg,details2/C16349.jpg,details2/C16350.jpg",75
TOO COOL FOR SCHOOL,VEILED CONTOUR SHADING,https://static.lottedfs.cn/prod/prd-img/74/61/36/01/00/02/20001366174_2.jpg/dims/resize/460x460,"details2/C1641.jpg,details2/C1642.jpg,details2/C1643.jpg,details2/C1644.jpg,details2/C1645.gif,details2/C1646.jpg,details2/C1647.jpg,details2/C1648.jpg,details2/C1649.jpg,details2/C16410.jpg,details2/C16411.jpg,details2/C16412.jpg,details2/C16413.jpg,details2/C16414.jpg,details2/C16415.jpg,details2/C16416.jpg,details2/C16417.jpg,details2/C16418.jpg,details2/C16419.jpg,details2/C16420.jpg,details2/C16421.jpg,details2/C16422.jpg,details2/C16423.jpg,details2/C16424.jpg,details2/C16425.jpg,details2/C16426.jpg,details2/C16427.jpg,details2/C16428.jpg,details2/C16429.jpg,details2/C16430.jpg,details2/C16431.jpg,details2/C16432.jpg,details2/C16433.jpg,details2/C16434.jpg,details2/C16435.jpg,details2/C16436.jpg,details2/C16437.jpg,details2/C16438.jpg,details2/C16439.jpg,details2/C16440.jpg,details2/C16441.jpg,details2/C16442.jpg,details2/C16443.jpg,details2/C16444.jpg,details2/C16445.jpg,details2/C16446.jpg,details2/C16447.jpg,details2/C16448.jpg,details2/C16449.jpg,details2/C16450.jpg",85
TOO COOL FOR SCHOOL,BY RODIN SHADING MASTER,https://static.lottedfs.cn/prod/prd-img/18/84/10/01/00/02/20001108418_2.jpg/dims/resize/460x460,"details2/C1651.jpg,details2/C1652.gif,details2/C1653.jpg,details2/C1654.jpg,details2/C1655.jpg,details2/C1656.jpg,details2/C1657.jpg,details2/C1658.jpg,details2/C1659.jpg,details2/C16510.jpg,details2/C16511.gif,details2/C16512.jpg,details2/C16513.gif,details2/C16514.jpg,details2/C16515.gif,details2/C16516.jpg,details2/C16517.gif,details2/C16518.jpg,details2/C16519.gif,details2/C16520.jpg,details2/C16521.gif,details2/C16522.jpg,details2/C16523.jpg,details2/C16524.jpg,details2/C16525.jpg,details2/C16526.jpg,details2/C16527.jpg,details2/C16528.jpg,details2/C16529.jpg,details2/C16530.jpg,details2/C16531.jpg,details2/C16532.jpg,details2/C16533.jpg,details2/C16534.jpg,details2/C16535.jpg,details2/C16536.jpg,details2/C16537.jpg,details2/C16538.jpg,details2/C16539.jpg,details2/C16540.jpg,details2/C16541.jpg,details2/C16542.jpg,details2/C16543.jpg,details2/C16544.jpg,details2/C16545.jpg,details2/C16546.jpg,details2/C16547.jpg,details2/C16548.jpg,details2/C16549.jpg,details2/C16550.jpg",95
TOO COOL FOR SCHOOL,ARTCLASS DUAL CONTOUR STICK,https://static.lottedfs.cn/prod/prd-img/19/44/29/01/00/02/20001294419_3.jpg/dims/resize/460x460,"details2/C1661.jpg,details2/C1662.jpg,details2/C1663.jpg,details2/C1664.jpg,details2/C1665.jpg,details2/C1666.jpg,details2/C1667.jpg,details2/C1668.gif,details2/C1669.jpg,details2/C16610.gif,details2/C16611.jpg,details2/C16612.gif,details2/C16613.gif,details2/C16614.jpg,details2/C16615.jpg,details2/C16616.jpg,details2/C16617.jpg,details2/C16618.jpg,details2/C16619.jpg,details2/C16620.jpg,details2/C16621.jpg,details2/C16622.jpg,details2/C16623.jpg,details2/C16624.jpg,details2/C16625.jpg,details2/C16626.jpg,details2/C16627.jpg,details2/C16628.jpg,details2/C16629.jpg,details2/C16630.jpg,details2/C16631.jpg,details2/C16632.jpg,details2/C16633.jpg,details2/C16634.jpg,details2/C16635.jpg,details2/C16636.jpg,details2/C16637.jpg,details2/C16638.jpg,details2/C16639.jpg,details2/C16640.jpg,details2/C16641.jpg,details2/C16642.jpg,details2/C16643.jpg,details2/C16644.jpg,details2/C16645.jpg,details2/C16646.jpg,details2/C16647.jpg,details2/C16648.jpg,details2/C16649.jpg,details2/C16650.jpg",75
JUNGSAEMMOOL,ESSENTIAL SKIN NUDER CUSHION DELUX EDITION MAIN (+ 2 refills),https://static.lottedfs.cn/prod/prd-img/31/34/38/01/00/02/20001383431_1.jpg/dims/resize/460x460,"details/C1681.webp,details/C1682.webp,details/C1683.webp,details/C1684.webp,details/C1685.webp,details/C1686.webp,details/C1687.webp,details/C1688.webp,details/C1689.webp,details/C16810.webp",260
JUNGSAEMMOOL,ESSENTIAL SKIN NUDER CUSHION (+erfill),https://static.lottedfs.cn/prod/prd-img/81/54/81/00/00/02/20000815481_2.jpg/dims/resize/460x460,"details/C1691.webp,details/C1692.webp,details/C1693.webp,details/C1694.webp,details/C1695.webp,details/C1696.webp,details/C1697.webp,details/C1698.webp,details/C1699.webp,details/C16910.webp",185
JUNGSAEMMOOL,ESSENTIAL SKIN NUDER LONG WEAR CUSHION (+refill),https://static.lottedfs.cn/prod/prd-img/34/00/34/01/00/02/20001340034_2.jpg/dims/resize/460x460,"details/C1701.webp,details/C1702.webp,details/C1703.webp,details/C1704.webp,details/C1705.webp,details/C1706.webp,details/C1707.webp,details/C1708.webp,details/C1709.webp,details/C17010.webp",185
JUNGSAEMMOOL,ARTIST FACE PALETTE HIGHLIGHTER,https://static.lottedfs.cn/prod/prd-img/73/91/14/01/00/02/20001149173_2.jpg/dims/resize/460x460,"details/C1711.webp,details/C1712.webp,details/C1713.webp,details/C1714.webp,details/C1715.webp,details/C1716.webp,details/C1717.webp,details/C1718.webp,details/C1719.webp,details/C17110.webp",180
JUNGSAEMMOOL,SKIN NUDE CUSHION CONCEALER ,https://static.lottedfs.cn/prod/prd-img/88/05/18/01/00/02/20001180588_2.jpg/dims/resize/460x460,"details/C1721.webp,details/C1722.webp,details/C1723.webp,details/C1724.webp,details/C1725.webp,details/C1726.webp,details/C1727.webp,details/C1728.webp,details/C1729.webp,details/C17210.webp",155
JUNGSAEMMOOL,ARTIST CONCEALER PALETTE,https://static.lottedfs.cn/prod/prd-img/14/60/73/00/00/02/20000736014_3.jpg/dims/resize/460x460,"details/C1731.webp,details/C1732.webp,details/C1733.webp,details/C1734.webp,details/C1735.webp,details/C1736.webp,details/C1737.webp,details/C1738.webp,details/C1739.webp,details/C17310.webp",170
JUNGSAEMMOOL,MASTER CLASS FACE BRUSH PORTABLE KIT,https://static.lottedfs.cn/prod/prd-img/07/07/41/01/00/02/20001410707_2.webp/dims/resize/460x460,"details/C1741.webp,details/C1742.webp,details/C1743.webp,details/C1744.webp,details/C1745.webp,details/C1746.webp,details/C1747.webp,details/C1748.webp,details/C1749.webp,details/C17410.webp",220
JUNGSAEMMOOL,ESSENTIAL MOOL MOISTURE DUO SET (MOOL CREAM 30ml + MOOL MIST 55ml) ,https://static.lottedfs.cn/contents/images/brnd-img/19928/202304271142511995f305c4713b74e1bae507e40cb6ba827.png/dims/resize/360x96,"details/C1751.webp,details/C1752.webp,details/C1753.webp,details/C1754.webp,details/C1755.webp,details/C1756.webp,details/C1757.webp,details/C1758.webp,details/C1759.webp,details/C17510.webp",220
JUNGSAEMMOOL,MASTER CLASS EYEBRUSH PORTABLE KIT,https://static.lottedfs.cn/contents/images/brnd-img/19928/202304271142511995f305c4713b74e1bae507e40cb6ba827.png/dims/resize/360x96,"details/C1761.webp,details/C1762.webp,details/C1763.webp,details/C1764.webp,details/C1765.webp,details/C1766.webp,details/C1767.webp,details/C1768.webp,details/C1769.webp,details/C17610.webp",180
JUNGSAEMMOOL,ARTIST EYE PALETTE,https://static.lottedfs.cn/contents/images/brnd-img/19928/202304271142511995f305c4713b74e1bae507e40cb6ba827.png/dims/resize/360x96,"details/C1771.webp,details/C1772.webp,details/C1773.webp,details/C1774.webp,details/C1775.webp,details/C1776.webp,details/C1777.webp,details/C1778.webp,details/C1779.webp,details/C17710.webp",185
JUNGSAEMMOOL,ESSENTIAL MOOL CREAM 50ml,https://static.lottedfs.cn/prod/prd-img/52/24/43/00/00/02/20000432452_2.jpg/dims/resize/460x460,"details/C1781.webp,details/C1782.webp,details/C1783.webp,details/C1784.webp,details/C1785.webp,details/C1786.webp,details/C1787.webp,details/C1788.webp,details/C1789.webp,details/C17810.webp",210
JUNGSAEMMOOL,SKIN NUDER COVER LAYER CUSHION (+refill),https://static.lottedfs.cn/contents/images/brnd-img/19928/202304271142511995f305c4713b74e1bae507e40cb6ba827.png/dims/resize/360x96,"details/C1791.webp,details/C1792.webp,details/C1793.webp,details/C1794.webp,details/C1795.webp,details/C1796.webp,details/C1797.webp,details/C1798.webp,details/C1799.webp,details/C17910.webp",220
GLINT,HIGHLIGTER,https://img.ssgdfs.com/upload/C00001/goos/org/682/241029000660682.jpg?SF=webp&AR=0,"details/C1801.JPG,details/C1802.webp,details/C1803.webp,details/C1804.webp,details/C1805.webp,details/C1806.webp,details/C1807.webp,details/C1808.webp,details/C1809.webp,details/C18010.webp",95
